autor,habitat,genero,especie,Contagem
 Yoo and GERWIC 1995,água salgada,Lyngbya,Lyngbya majuscula,3
Adams et al 2008,água salgada,Symploca,Symploca laete-viridis,2
Adiv and Carmeli 2013,água doce,Microcystis,Microcystis aeruginosa,18
Adiv et al 2010,água doce,Microcystis,Microcystis sp.,6
Adiv et al 2012,água doce,Microcystis,Microcystis aeruginosa,3
Admi et al 1996,Terrestre,Oscillatoria,Oscillatoria raoi,2
Adrianasolo et al 2005,água salgada,Geitlerinema,Geitlerinema sp.,2
Adrianasolo et al 2005,água salgada,Symploca,Symploca sp.,1
Afonso et al 2016,água salgada,Synechocystis,Synechocystis salina,7
Ahamed et al 2017,água salgada,Oscillatoria,Oscillatoria acuminata,1
Aimi et al 1990,água salgada,Lyngbya,Lyngbya majuscula,2
Akamatsu et al 2022,água doce,Anabaena,Anabaena circinalis,2
Al-Awadhi et al 2016,água salgada,Lyngbya,Lyngbya sp.,1
Al-Awadhi et al 2017,água salobra,Lyngbya,Lyngbya sp.,1
Almaliti et al 2017,água salgada,Moorena,Moorena producens,4
Al‐Awadhi et al 2018,água salgada,Leptolyngbya,Leptolyngbya sp.,3
An et al 2007,água doce,Lyngbya,Lyngbya sp.,2
Andrianasolo et al 2009,água salgada,Geitlerinema,Geitlerinema sp.,1
Azevedo et al 1994,água doce,Microcystis,Microcystis aeruginosa,2
Bagchi 1995,água doce,Oscillatoria,Oscillatoria late-virens,1
Ballot et al 2020,água doce,Microcystis,Microcystis aeruginosa,7
Ballot et al 2020,água doce,Microcystis,Microcystis novacekii,10
Ballot et al 2020,água doce,Raphidiopsis,Raphidiopsis raciborskii,1
Balunas et al 2010,água salobra,Lyngbya,Lyngbya majuscula,3
Balunas et al 2012,água salgada,Oscillatoria,cf. Oscillatoria sp.,4
Banack et al 2012,Hot Spring,Fischerella,Fischerella sp.,1
Banack et al 2012,Terrestre,Nostoc,Nostoc sp.,1
Banack et al 2012,terrestre,Nodularia,Nodularia sp.,1
Banack et al 2012,água doce,Anabaena,Anabaena sp.,1
Banack et al 2012,água doce,Anabaenopsis,Anabaenopsis sp.,1
Banack et al 2012,água doce,Chroococcales,Chroococcales spp.,1
Banack et al 2012,água doce,Chroococcidiopsis,Chroococcidiopsis sp.,1
Banack et al 2012,água doce,Oscillatoria,Oscillatoria sp.,1
Banack et al 2012,água doce,Oscillatoriales,Oscillatoriales spp.,1
Banack et al 2012,água doce,Phormidium,Phormidium sp.,1
Banack et al 2012,água doce,Synechocystis,Synechocystis sp.,1
Banack et al 2012,água doce,cyanobacterium,cyanobacterium spp.,1
Banack et al 2012,água salgada,Lyngbya,Lyngbya sp.,1
Banack et al 2012,água salgada,Oscillatoria,Oscillatoria sp.,1
Banack et al 2012,água salgada,cyanobacterium,cyanobacterium spp.,1
Banker & Carmeli 1999,água doce,Microcystis,Microcystis sp.,3
Banker and Carmeli 1998,terrestre,Nostoc,Nostoc spongiaeforme var. tenue,5
Banker et al 2000,água doce,Aphanizomenon,Aphanizomenon ovalisporum,6
Barchi jr. et al 1984,água doce,Oscillatoria,Oscillatoria acutissima,2
Bateman et al 1993,água doce,Microcystis,Microcystis aeruginosa,1
Baumann et al 2007,água doce,Planktothrix,Planktothrix rubescens,1
Beattie et al 1998,água salobra,Nostoc,Nostoc sp.,3
Beattie et al 2000,água doce,Nodularia,Nodularia sp.,1
Becher et al 2005,água doce,Nostoc,Nostoc sp.,1
Beiderbeck et al 2000,água doce,Anabaena,Anabaena cylindrica,1
Belise et al 2017,água doce,Trichodesmium,Trichodesmium sp.,1
Beresovsky et al 2010,água doce,Microcystis,Microcystis sp.,3
Bertin et al  2018,água salgada,Trichodesmium,Trichodesmium sp.,6
Bertin et al 2016,água salgada,Leptolyngbya,Leptolyngbya sp.,2
Bertin et al 2016,água salgada,cf. Schizothrix,cf. Schizothrix,1
Bertin et al 2017,água salgada,Trichodesmium,Trichodesmium thiebautii,4
Bingnan et al 2011,água salgada,Lyngbya,Lyngbya majuscula,1
Bingnan et al 2011,água salgada,Lyngbya,Lyngbya semiplena,1
Bister et al 2004,água doce,Microcystis,Microcystis sp.,1
Bladt et al 2014,água doce,Microcystis,Microcystis sp.,5
Blom et al 2003,água doce,Planktothrix,Planktothrix rubescens,1
Bonnard et al 2007,água salgada,Lyngbya,Lyngbya majuscula,4
Bornacin et al 2015,água salgada,Anabaena,Anabaena cf. torulosa,2
Bornacin et al 2019,água salgada,Anabaena,Anabaena torulosa,5
Bornancin et al 2019,água salgada,Anabaena,Anabaena torulosa,5
Boudreau et al 2012,água salgada,Rivularia,Rivularia sp.,6
Boudreau et al 2015,água salgada,Moorena,Moorena producens,9
Bouhaddada et al 2016,água doce,Microcystis,Microcystis spp.,12
Brilisauer et al 2019,água doce,Synechococcus,Synechococcus elongatus,1
Brittain et al 2000,água doce,Oscillatoria,Oscillatoria tenuis,2
Brumley et al 2018,água salgada,Hormoscilla,Hormoscilla sp.,3
Brumley et al 2020,água salgada,Hormoscilla,Hormoscilla sp.,3
Bui et al 2007,terrestre,Nostoc,Nostoc sp.,5
Bui et al 2014,água salobra,Anabaena,Anabaena cylindrica,4
Bultel-Poncé et al 2004,terrestre,Scytonema,Scytonema sp.,3
Bunyajetpong et al 2006,água salgada,Lyngbya,Lyngbya majuscula,3
Cabanillas et al 2018,terrestre,Nostoc,Nostoc sp.,2
Cai et al 2016,água salgada,Hydrocoleum,Hydrocoleum majus,3
Cai et al 2017,água salgada,Moorena,Moorena bouillonii,1
Cai et al 2018,água salgada,Hormothamnion,Hormothamnion enteromorphoides,3
Cardelina and Moore 1979,água salgada,Lyngbya,Lyngbya majuscula,7
Cardelina and Moore 1980,água salgada,Lyngbya,Lyngbya majuscula,1
Cardelina et al 1978,água salgada,Lyngbya,Lyngbya majuscula,4
Cardelina et al 1979,água salgada,Lyngbya,Lyngbya majuscula,1
Cardellina et al 1979,água salgada,Hormoscilla,Hyella caespitosa,1
Carmeli et al 1990,terrestre,Scytonema,Scytonema burmanicum,5
Carmeli et al 1990,terrestre,Scytonema,Scytonema mirabile,14
Carmeli et al 1990,terrestre,Scytonema,Scytonema ocellatum,3
Carmeli et al 1991,terrestre,Scytonema,Scytonema mirabile,3
Carneiro et al 2012,água doce,Microcystis,Microcystis sp.,2
Carter et al 1984,água salgada,Lyngbya,Lyngbya majuscula,1
Cegłowska et al 2020,água salobra,Limnoraphis,Limnoraphis sp.,21
Chaganty et al 2004,terrestre,Nostoc,Nostoc sp.,4
Chlipala et al 2010,terrestre,Nostoc,Nostoc sp.,14
Chlipala et al 2010,água salgada,Lyngbya,Lyngbya majuscula,2
Choi et al 1993,água doce,Microcystis,Microcystis spp.,3
Choi et al 2008,água doce,Aphanocapsa,Aphanocapsa sp.,1
Choi et al 2010,água salgada,Leptolyngbya,Leptolyngbya crossbyana,4
Choi et al 2012,água salgada,Leptolyngbya,Leptolyngbya crossbyana,3
Christiansen et al 2008,água doce,Planktothrix,Planktothrix rubescens,2
Christiansen et al 2008,água doce,Planktothrix,Planktothrix sp.,2
Clark et al 2008,água salgada,Blennothrix,Blennothrix cantharidosmum,7
Coleman and Wright 2001,água doce,Microcystis,Microcystis aeruginosa,1
Costa et al 2016,terrestre,Nodosilinea,Nodosilinea sp.,2
Costa et al 2016,água doce,Phormidium,Phormidium sp.,2
Costa et al 2016,água salgada,Chroococcidiopsis,Chroococcidiopsis sp.,2
Costa et al 2016,água salgada,Leptolyngbya,Leptolyngbya ectocarpi,2
Costa et al 2016,água salgada,Leptolyngbya,Leptolyngbya sp.,2
Costa et al 2016,água salgada,Nodosilinea,Nodosilinea nodulosa,2
Costa et al 2016,água salgada,Nodosilinea,Nodosilinea sp.,2
Costa et al 2016,água salgada,Plectonema,Plectonema cf. radiosum,2
Costa et al 2016,água salgada,Synechococcales,Synechococcales sp.,2
Costa et al 2016,água salgada,Synechocystis,Synechocystis salina,2
Costa et al 2016,água salobra,Nodosilinea,Nodosilinea nodulosa,2
Costa et al 2016,água salobra,Nostoc,Nostoc sp.,2
Costa et al 2016,água salobra,Synechocystis,Synechocystis sp.,2
Costa et al 2019,água salgada,Cyanobium,Cyanobium sp.,1
Cox et al  2003,terrestre,Nostoc,Nostoc sp.,1
Craig et al 1993,água doce,Microcystis,Microcystis aeruginosa,5
Crnkovic et al 2018,água doce,Calothrix,Calothrix sp.,2
Crnkovic et al 2019,água doce,Scytonema,Scytonema sp.,1
Cui et al 2017,água salgada,Leptolyngbya,Leptolyngbya sp.,4
Czarnecki et al 2005,água doce,Microcystis,Microcystis spp.,28
D'Agostino et al 2018,água doce,Aphanizomenon,Aphanizomenon sp.,12
D'Agostino et al 2018,água doce,Microseria,Microseria wollei,14
D'Agostino et al 2018,água doce,Raphidiopsis,Raphidiopsis raciborskii,12
D'Agostino et al 2018,água doce,Scytonema,Scytonema cf. crispum,20
Davies-Coleman et al 2003,água salgada,Lyngbya,Lyngbya majuscula,2
Dehm et al 2019,terrestre,Nostoc,Nostoc punctiforme,11
Demirkiran et al 2021,água salgada,Caldora,Caldora sp.,3
Ding et al 2018,água salgada,Lyngbya,cf. Lyngbya sp.,1
Edwards et al 2004,água salgada,Lyngbya,Lyngbya majuscula,3
Elkobi-Peer  et al 2012,água doce,Microcystis,Microcystis aeruginosa,9
Elkobi-Peer and Carmeli 2015,água doce,Microcystis,Microcystis spp.,24
Engene et al 2011,água salgada,cf. Oscillatoria,cf. Oscillatoria margaritifera,1
Erhard et al 1997,água doce,Anabaena,Anabaena sp.,5
Erhard et al 1997,água doce,Microcystis,Microcystis aeruginosa,3
FRANCIS et al 1970,água doce,Oscillatoria,Oscillatoria limosa,8
Fang et al 2019,água salgada,Lyngbya,Lyngbya sp.,2
Ferranti et al 2009,água doce,Planktothrix,Planktothrix rubescens,3
Ferranti et al 2011,água doce,Planktothrix,Planktothrix rubescens,7
Fewer et al 2009,água salobra,Nodularia,Nodularia harveyana,1
Fewer et al 2009,água salobra,Nodularia,Nodularia sphaerocarpa,1
Fewer et al 2009,água salobra,Nodularia,Nodularia spumigena,3
Fewer et al 2011,água doce,Nostoc,Nostoc sp.,3
Fewer et al 2013,água doce,Nodularia,Nodularia sphaerocarpa,1
Fewer et al 2013,água salobra,Nodularia,Nodularia harveyana,2
Fewer et al 2013,água salobra,Nodularia,Nodularia sphaerocarpa,3
Fewer et al 2013,água salobra,Nodularia,Nodularia spumigena,15
Fidor et al 2020,água salobra,Nostoc,Nostoc edaphicum,9
Figueredo et al 2021,água salobra,Fischerella,Fischerella sp.,4
Figueredo et al 2021,água salobra,Nodularia,Nodularia sp.,1
Fischer et al 2005,terrestre,Nostoc,Nostoc insulare,2
Fischer et al 2005,terrestre,Nostoc,Nostoc punctiforme,2
Fischer et al 2005,terrestre,Nostoc,Nostoc sp.,2
Fischer et al 2005,água doce,Oscillatoria,Oscillatoria sp.,2
Fischer et al 2005,água doce,Scytonema,Scytonema sp.,2
Freitas et al 2019,água salgada,Cyanobium,Cyanobium sp.,2
Freitas et al 2019,água salgada,Nodosilinea,Nodosilinea sp.,2
Fujii et al 1999,água doce,Nostoc,Nostoc sp.,1
Fujii et al 2000,água doce,Oscillatoria,Oscillatoria agardhii,8
Gademann et al 2010,água doce,Microcystis,Microcystis aeruginosa,1
Galakoti et al  2000,Terrestre,Nostoc,Nostoc sp.,3
Gallegos et al 2018,água salgada,Symploca,Symploca sp.,5
Gatte-Picchi et al 2014,água doce,Microcystis,Microcystis spp.,2
Gerwick et al 1986,água salgada,Hormothamnion,Hormothamnion enteromorphoides,1
Gerwick et al 1992,água salgada,Hormothamnion,Hormothamnion enteromorphoides,1
Gesner-Apter and Carmeli 2008,água doce,Microcystis,Microcystis sp.,6
Gesner-Apter and Carmeli 2009,água doce,Microcystis,Microcystis sp.,10
Grach-Pogrebinsky and Carmeli 2008,água salgada,Anabaena,Anabaena sp.,3
Grach-Pogrebinsky et al 2003,água doce,Planktothrix,Planktothrix rubescens,6
Grach-Pogrebinsky et al 2004,água doce,Planktothrix,Planktothrix rubescens,3
Graham et al 2008,água salgada,Synechococcus,Synechococcus sp.,1
Gregson et al  1992,terrestre,Anabaena,Anabaena sp.,5
Gregson et al  1992,água salobra,Nodularia,Nodularia harveyana,1
Gross et al 2010,água salgada,Lyngbya,Lyngbya majuscula,7
Gunasekera et al 2008,terrestre,Oscillatoria,Oscillatoria sp.,2
Gunasekera et al 2008,água doce,Oscillatoria,Oscillatoria sp.,3
Gunasekera et al 2008,água salgada,Lyngbya,Lyngbya polychroa,3
Gunasekera et al 2010,água salgada,Dichothrix,Dichothrix utahensis,1
Gunasekera et al 2011,água salgada,Lyngbya,Lyngbya majuscula,3
Gunasekera et al 2016,água salgada,Caldora,Caldora penicillata,6
Gunasekera et al 2016,água salgada,Symploca,Symploca sp.,3
Gunasekera et al 2019,água salgada,Roseofilum,Roseofilum reptotaenium,2
Gupta et al 2014,água salgada,Trichodesmium,Trichodesmium erythraeum,5
Gutierrez et al 2008,água salgada,Lyngbya,Lyngbya majuscula,1
Gutierrez et al 2008,água salgada,Lyngbya,Lyngbya sordida,1
Gutierrez et al 2011,água salgada,Lyngbya,Lyngbya majuscula,2
Gutierrez et al 2011,água salgada,Oscillatoria,Oscillatoria sp.,2
Gutierrez-del-Río et al 2020,água doce,Sphaerospermopsis,Sphaerospermopsis sp.,4
Gutiérrez et al  2009,água salgada,Lyngbya,Lyngbya majuscula,2
Gutiérrez et al 2008,água salgada,Microcoleus,Microcoleous lacustris,2
Gutiérrez et al 2010,água salgada,Lyngbya,Lyngbya majuscula,3
Hai et al 1996,terrestre,Anabaena,Anabaena hallensis,0
Han et al 2003,água salgada,Lyngbya,Lyngbya semiplena,7
Han et al 2005,água salgada,Lyngbya,Lyngbya majuscula,5
Han et al 2005,água salgada,Lyngbya,Lyngbya semiplena,4
Han et al 2006,água salgada,Lyngbya,Lyngbya majuscula,2
Han et al 2018,água salgada,Lyngbya,Lyngbya sp.,2
Harada et al 1990,água doce,Microcystis,Microcystis viridis,2
Harada et al 1991,água doce,Microcystis,Microcystis aeruginosa,3
Harada et al 1993,água doce,Microcystis,Microcystis aeruginosa,4
Harada et al 2001,água doce,Microcystis,Microcystis sp.,3
Harrigan et al  1998,água salgada,Symploca,Symploca hydnoides,2
Harrigan et al  1999,água salgada,Symploca,Symploca hydnoides,2
Hasan-Amer and Carmeli 2017,água doce,Microcystis,Microcystis sp.,2
Hasin and Carmelli 2018,água doce,Microcystis,Microcystis sp.,6
He et al 2018,água doce,Microcystis,Microcystis aeruginosa,4
Heinilä et al  2020,terrestre,Scytonema,Scytonema hofmanni,6
Heinilä et al  2021,água doce,Nostoc,Nostoc sp.,8
Heinilä et al  2022,água salobra,Nostoc,Nostoc sp.,2
Helfrich et al 2019,água salgada,Leptolyngbya,Leptolyngbya sp.,3
Helms et al 1988,terrestre,Scytonema,Scytonema sp.,1
Hemscheidt et al 1994,água salgada,Nostoc,Nostoc linckia,1
Hooper et al 1998,água salgada,Lyngbya,Lyngbya majuscula,2
Horgen et al 2000,água salgada,Symploca,Symploca laete-viridis,3
Horgen et al 2002,água salgada,Symploca,Symploca hydnoides,5
Hrouzek et al 2012,terrestre,Cylindrospermum,Cylindrospermum alatosporum,2
Hubrich et al 2022,terrestre,Nostoc,Nostoc punctiforme,1
Hummert et al 2001,água doce,Microcystis,Microcystis aeruginosa,28
Höckelmann and Jüttner 2004,água doce,Calothrix,Calothrix parietina,17
Höckelmann and Jüttner 2004,água doce,Calothrix,Calothrix sp.,7
Höckelmann and Jüttner 2004,água doce,Plectonema,Plectonema notatum,22
Höckelmann and Jüttner 2005,água doce,Calothrix,Calothrix parietina,8
Höckelmann and Jüttner 2005,água doce,Calothrix,Calothrix sp.,1
Höckelmann and Jüttner 2005,água doce,Phormidium,Phormidium sp.,11
Höckelmann and Jüttner 2005,água doce,Rivularia,Rivularia sp.,6
Höckelmann and Jüttner 2005,água doce,Tolypothrix,Tolypothrix distorta,8
Höckelmann and Jüttner 2005,água salobra,Calothrix,Calothrix parietina,1
Iguchi et al 2021,água salgada,Moorena,Moorena producens,2
Inuzuka et al 2014,água salgada,Leptolyngbya,Leptolyngbya sp.,3
Isaacs et al 1997,água doce,Microcystis,Microcystis aeruginosa,2
Ishibashi et al 1986,terrestre,Scytonema,Scytonema pseudohofmanni,6
Ishida et al 1996,água doce,Microcystis,Microcystis aeruginosa,1
Ishida et al 1997,água doce,Microcystis,Microcystis aeruginosa,1
Ishida et al 2000,água doce,Microcystis,Microcystis aeruginosa,8
Ishida et al 2002,água doce,Microcystis,Microcystis aeruginosa,3
Ishida et al 2007,água doce,Planktothrix,Planktothrix agardhii,2
Ito and Butler 2005,água salgada,Synechococcus,Synechococcus sp.,3
Itou et al 2001,água doce,Anabaena,Anabaena cylindrica,2
Iwai et al 2008,extremófila,Thermosynechococcus,Thermosynechococcus elongatus,1
Iwasaki et al 2010,água salgada,Lyngbya,Lyngbya sp.,1
Iwasaki et al 2014,água salgada,Lyngbya,Lyngbya sp.,2
Iwasaki et al 2015,água salgada,Lyngbya,Lyngbya sp.,1
Iwasaki et al 2017,água salgada,Okeania,Okeania sp.,6
Iwasaki et al 2018,água salgada,Caldora,Caldora penicillata,2
Iwasaki et al 2018,água salgada,Okeania,Okeania sp.,2
Iwasaki et al 2018,água salgada,Symploca,Symploca sp.,1
Iwasaki et al 2020,água salgada,Okeania,Okeania sp.,1
Iwasaki et al 2021,água doce,Oscillatoria,Oscillatoria sp.,1
Jaki et al 2001,terrestre,Tolypothrix,Tolypothrix byssoidea,2
Jakobi et al 1995,água doce,Microcystis,Microcystis sp.,1
Jakobi et al 1996,água doce,Microcystis,Microcystis aeruginosa,3
James et al 1998,água doce,Oscillatoria,Oscillatoria spp.,2
Jiang et al  2014,água salgada,Moorena,Moorena producens,2
Jiang et al 2017,água salgada,Moorena,Moorena producens,12
Jiménez and Scheuer 2001,água salgada,Lyngbya,Lyngbya majuscula,4
Jiménez et al 2009,água salgada,Lyngbya,Lyngbya majuscula,5
Jokela et al 2012,água salobra,Anabaena,Anabaena sp.,2
Jokela et al 2017,água salgada,Nostoc,Nostoc sp.,8
Joukela et al 2010,água salgada,Nostoc,Nostoc sp.,1
KRISHNAMURTHY et al 1989,água doce,Microcystis,Microcystis aeruginosa,1
Kaasalainen et al 2009,terrestre,Nostoc,Nostoc sp.,8
Kajiyama et al 1998,terrestre,Nostoc,Nostoc commune,1
Kampa et  al 2013,terrestre,Nostoc,Nostoc sp.,1
Kan et al 2000,água salgada,Lyngbya,Lyngbya majuscula,2
Kanamori et al 2016,água salgada,Okeania,Okeania sp.,1
Kang et al 2012,Terrestre,Oscillatoria,Oscillatoria sancta,1
Kang et al 2012,água doce,Nostoc,Nostoc sp.,2
Kang et al 2012,água doce,Stigonema,Stigonema sp.,1
Kapuscik et al 2013,terrestre,Nostoc,Nostoc sp.,1
Kawaguchi et al 2020,água salgada,Moorena,Moorena producens,8
Kaya et al 1996,água salobra,Nostoc,Nostoc sp.,1
Kaya et al 2002,água doce,Anabaena,Anabaena spiroides,1
Kaya et al 2006,água doce,Aphanizomenon,Aphanizomenon flos-aquae,1
Kim et al 2021,água salgada,Oscillatoria,Oscillatoria sp.,7
Kinnel et al 2017,água salgada,Moorena,Moorena producens,1
Kirviranta et al 1992,água doce,Microcystis,Microcystis aeruginosa,1
Kisugi and Okino 2009,água doce,Microcystis,Microcystis aeruginosa,4
Kleigrewe et al 2015,água salgada,Moorena,Moorena producens,3
Klein et al 1999,água salgada,Lyngbya,Lyngbya bouillonii,2
Kodani et al 1998,água doce,Microcystis,Microcystis viridis,1
Krumbholz et al 2022,terrestre,Nostoc,Nostoc punctiforme,4
Krunic et al 2010,água doce,Scytonema,Scytonema hofmanni,2
Kuranaga et al 2020,água doce,Microcystis,Microcystis aeruginosa,2
Kurisawa et  al 2022,água salgada,Leptochromothrix,Leptochromothrix valpauliae,1
Kurisawa et al 2017,água salgada,Dapis,Dapis sp.,3
Kust et al 2018,água doce,Cuspidothrix,Cuspidothrix issatschenkoi,2
Kusumi et al 1987,água doce,Microcystis,Microcystis viridis,1
Kwan et al 2009,água salgada,Lyngbya,Lyngbya semiplena,3
Kwan et al 2010,água salgada,Lyngbya,Lyngbya confervoides,3
Kwan et al 2010,água salgada,Lyngbya,Lyngbya majuscula,3
Kwan et al 2011,água salgada,Lyngbya,Lyngbya cf. majuscula,1
LUUKKAINEN et al 1993,água doce,Oscillatoria,Oscillatoria agardhii,6
Larsen et al 1994,terrestre,Dichothrix,Dichothrix baueriana,3
Laub et al 2002,água doce,Planktothrix,Planktothrix agardhii,3
Lawton et al 1999,água doce,Microcystis,Microcystis aeruginosa,1
Lee and Brown 1998,água salgada,Kyrtuthrix,Kyrtuthrix maculans,11
Lee and Gleason 1994,água doce,Scytonema,Scytonema hofmanni,1
Lee et al 1999,água salgada,Kyrtuthrix,Kyrtuthrix maculans,4
Leikoski et al 2010,água doce,Anabaena,Anabaena sp.,13
Leikoski et al 2010,água salobra,Anabaena,Anabaena sp.,3
Leikoski et al 2013,terrestre,Oscillatoria,Oscillatoria nigroviridis,1
Leikoski et al 2013,água doce,Microcystis,Microcystis aeruginosa,2
Levert et al 2018,água salgada,Lyngbya,Lyngbya majuscula,3
Leão et al 2010,água doce,Oscillatoria,Oscillatoria sp.,4
Leão et al 2015,água salgada,Nodosilinea,Nodosilinea sp.,1
Leão et al 2015,água salgada,Synechocystis,Synechocystis salina,3
Li et al 2022,água salgada,Oscillatoria,Oscillatoria sp.,2
Liang et al 2019,água salgada,Moorena,Moorena bouillonii,1
Lifshits and Carmeli 2012,água doce,Microcystis,Microcystis aeruginosa,11
Lifshits et al 2011,água doce,Microcystis,Microcystis sp.,4
Lifshits et al 2016,água doce,Microcystis,Microcystis aeruginosa,4
Lifshits et al 2016,água doce,Microcystis,Microcystis spp.,3
Linington et al 2007,água salgada,Oscillatoria,Oscillatoria sp.,2
Linington et al 2008,água salgada,Symploca,Symploca sp.,1
Linington et al 2009,água salgada,Schizothrix,Schizothrix sp.,1
Liu et al 2014,terrestre,Nostoc,Nostoc sp.,4
Liu et al 2014,água doce,Nostoc,Nostoc sp.,6
Liu et al 2015,água salobra,Nodularia,Nodularia harveyana,1
Liu et al 2015,água salobra,Nodularia,Nodularia sphaerocarpa,2
Liu et al 2015,água salobra,Nodularia,Nodularia spumigena,5
Lodin-Friedman and Carmeli 2013,água doce,Microcystis,Microcystis aeruginosa,5
Lodin-Friedman and Carmeli 2018,água doce,Microcystis,Microcystis sp.,9
Lopez et al 2016,água salgada,Moorena,Moorena producens,2
Lopez et al 2017,água salgada,Moorena,Moorena bouillonii,2
Loui and Moore 1979,água salgada,Lyngbya,Lyngbya majuscula,1
Luesch et al 1999,água salgada,Lyngbya,Lyngbya majuscula,2
Luesch et al 2000,água salgada,Lyngbya,Lyngbya majuscula,10
Luesch et al 2001,água salgada,Lyngbya,Lyngbya majuscula,3
Luesch et al 2001,água salgada,Symploca,Symploca hydnoides,1
Luesch et al 2001,água salgada,Symploca,Symploca sp.,1
Luesch et al 2002,água salgada,Lyngbya,Lyngbya sp.,13
Luesch et al 2002,água salgada,Symploca,Symploca sp.,2
Luesh et al 2002,água salgada,Lyngbya,Lyngbya bouillonii,6
Luo et al 2014,água doce,Trichormus,Trichormus sp.,2
Luo et al 2015,água doce,Oscillatoria,cf. Oscillatoria sp.,2
Luukkainen et al 1994,água doce,Microcystis,Microcystis aeruginosa,3
Luukkainen et al 1994,água doce,Microcystis,Microcystis sp.,9
Luukkainen et al 1994,água doce,Microcystis,Microcystis spp.,4
MARNER and MOORE 1978,água salgada,Lyngbya,Lyngbya majuscula,1
MARQUEZ et al 1998,água salgada,Lyngbya,Lyngbya majuscula,1
MARQUEZ et al 2002,água salgada,Lyngbya,Lyngbya majuscula,1
MOORE and ENTZEROTH 1988,água salgada,Lyngbya,Lyngbya majuscula,2
MYNDERS et al 1988,água doce,Lyngbya,Lyngbya majuscula,1
MacMillan et al 2002,água salgada,Lyngbya,Lyngbya confervoides,3
Mallia et al 2019,água doce,Planktothrix,Planktothrix prolifica,10
Malloy et al 2011,água salgada,Lyngbya,cf. Lyngbya sordida,1
Malloy et al 2012,água salgada,Oscillatoria,Oscillatoria sp.,1
Malloy et al 2012,água salgada,Trichodesmium,cf. Trichodesmium sp.,2
Maneechote et al 2017,água salgada,Leptolyngbya,Leptolyngbya sp.,1
Marner et al 1977,água salgada,Lyngbya,Lyngbya majuscula,2
Martins et al  2018,água doce,Anabaena,Anabaena cylindrica,1
Martins et al  2018,água doce,Sphaerospermopsis,Sphaerospermopsis sp.,1
Matern et al 2001,terrestre,Scytonema,Scytonema hofmanni,2
Matern et al 2003,terrestre,Scytonema,Scytonema hofmanni,1
Matins et al 1993,água doce,Microcystis,Microcystis sp.,4
Matsuda et al 1996,água doce,Microcystis,Microcystis viridis,2
Matsuda et al 1996,água doce,Planktothrix,Plectonema radiosum,1
Matsui et al 2011,terrestre,Nostoc,Nostoc commune,2
Matthew et al 2007,água salgada,Lyngbya,Lyngbya confervoides,2
Matthew et al 2008,água salgada,Lyngbya,Lyngbya bouillonii,3
Matthew et al 2008,água salgada,Lyngbya,Lyngbya confervoides,2
Matthew et al 2009,água salgada,Lyngbya,Lyngbya confervoides,6
Matthew et al 2010,água salgada,Lyngbya,Lyngbya bouillonii,11
Matthew et al 2010,água salgada,Lyngbya,Lyngbya cf. confervoides,2
Matthiensen et al 2000,água salobra,Microcystis,Microcystis sp.,1
Mattila et al 2019,água doce,Nostoc,Nostoc sp.,2
May et al 2020,terrestre,Nostoc,Nostoc sp.,4
Mazur-Marzec  et al 2016,água salobra,Nodularia,Nodularia spumigena,5
Mazur-Marzec  et al 2056,água salobra,Nodularia,Nodularia spumigena,1
Mazur-Marzec et al 2006,água salobra,Nodularia,Nodularia spumigena,8
Mazur-Marzec et al 2013,água doce,Nodularia,Nodularia spumigena,3
Mazur-Marzec et al 2013,água salobra,Nodularia,Nodularia spumigena,3
Mazur-Marzec et al 2018,água salobra,Nostoc,Nostoc edaphicum,13
McIntosh et al 2014,água salgada,Lyngbya,Lyngbya aestuarii,2
McManus et al 2020,água salgada,Trichodesmium,Trichodesmium thiebautii,5
McPhail and Gerwick 2003,água salgada,Lyngbya,Lyngbya majuscula,3
McPhail et al 2007,água salgada,Lyngbya,Lyngbya majuscula,4
Medina et al 2008,água salgada,Leptolyngbya,Leptolyngbya sp.,1
Mehjabin et al 2020,água salgada,Moorena,Moorena bouillonii,3
Mei et al 2017,água doce,Nostoc,Nostoc sp.,3
Meickle et al 2009,água salgada,Lyngbya,Lyngbya cf. polychroa,3
Meickle et al 2011,água salgada,Lyngbya,Lyngbya sp.,2
Mermuoto et al 1989,água doce,Microcystis,Microcystis aeruginosa,1
Mesguiche et al 1999,água salgada,Lyngbya,Lyngbya majuscula,1
Mevers et al 2011,água salgada,Oscillatoria,cf. Oscillatoria margaritifera,8
Mevers et al 2013,água salgada,Moorena,Moorena producens,5
Mevers et al 2014,água salgada,Moorena,Moorena bouillonii,5
Mevers et al 2014,água salgada,Symploca,Symploca sp.,6
Miles et al 2013,água doce,Planktothrix,Planktothrix agardhii,12
Miles et al 2013,água doce,Planktothrix,Planktothrix rubescens,5
Miles et al 2013,água doce,cyanobacterium,cyanobacterium spp.,25
Miles et al 2014,água doce,Dolichospermum,Dolichospermum flos-aquae,25
Milligan et al 2000,água salgada,Lyngbya,Lyngbya majuscula,4
Minowa et al 2019,água doce,Anabaena,Anabaena circinalis,2
Mo et al 2009,terrestre,Scytonema,Scytonema sp.,1
Montaser et al 2011,água salgada,Lyngbya,Lyngbya majuscula,5
Moon et al 1992,água doce,Calothrix,Calothrix fusca,1
Mori et al 2015,água salgada,Okeania,Okeania plumata,1
Morita et al 2012,água salgada,Lyngbya,Lyngbya sp.,5
Moss et al 2019,água salgada,Moorena,Moorena producens,6
Muller et al 2006,água doce,Tychonema,Tychonema sp.,3
Murakami et al 1991,água salgada,Oscillatoria,Oscillatoria sp.,1
Murakami et al 1994,água doce,Microcystis,Microcystis aeruginosa,1
Murakami et al 1995,água doce,Microcystis,Microcystis aeruginosa,2
Murakami et al 1997,água doce,Microcystis,Microcystis viridis,1
Murakami et al 1997,água doce,Nostoc,Nostoc minutum,2
Mynderse and  Moore 1978,água salgada,Lyngbya,Lyngbya majuscula,3
Mynderse and Moore 1978,água salgada,cyanobacterium,cyanobacterium spp.,4
NINOMIYA et al 2011,terrestre,Nostoc,Nostoc commune,6
Nagai et al 2019,água salgada,Lyngbya,Lyngbya majuscula,1
Nagatsu et al 2015,água doce,Nostoc,Nostoc muscorum,1
Nagle and Gerwick 1995,água salgada,Synechocystis,Synechocystis sp.,4
Nagle et al 1996,água salgada,Lyngbya,Lyngbya majuscula,1
Nagle et al 2000,água salgada,Lyngbya,Lyngbya majuscula,1
Nagle et al 2001,água salgada,Lyngbya,Lyngbya majuscula,1
Nakamura et al 2018,água salgada,Moorena,Moorena bouillonii,1
Naman et al  2017,água salgada,Symploca,cf. Symploca sp.,1
Naman et al  2017,água salgada,Symploca,cf. Symploca spp.,3
Namikoshi et al  1990,água doce,Nostoc,Nostoc sp.,3
Namikoshi et al  1992,água doce,Anabaena,Anabaena sp.,8
Namikoshi et al  1994,água doce,Nodularia,Nodularia spumigena,3
Namikoshi et al 1992,água doce,Anabaena,Anabaena sp.,4
Namikoshi et al 1992,água doce,Microcystis,Microcystis spp.,10
Namikoshi et al 1995,água doce,Microcystis,Microcystis spp.,11
Namikoshi et al 1998,água doce,Anabaena,Anabaena sp.,7
Navarro et al 2015,água salgada,Okeania,Okeania sp.,1
Nazifi et al 2015,terrestre,Nostoc,Nostoc commune,7
Neuhof et al 2005,terrestre,Hassalia,Hassallia sp.,1
Neuhof et al 2006,terrestre,Hassalia,Hassallia sp.,1
Neuman et al 1997,água doce,Microcystis,Microcystis sp.,1
Niedermeyer et al 2014,água doce,Planktothrix,Planktothrix rubescens,3
Nogle and Gerwick 2002,água salgada,Lyngbya,Lyngbya majuscula,5
Nogle et al 2003,água salgada,Lyngbya,Lyngbya majuscula,1
Nunnery et al 2012,água salgada,Lyngbya,Lyngbya majuscula,5
Nunnery et al 2012,água salgada,Symploca,Symploca sp.,5
Ogawa et al 2016,água salgada,Okeania,Okeania sp.,1
Ogawa et al 2017,água salgada,Dapis,Dapis sp.,1
Ogino et al 1996,terrestre,Stigonema,Scytonema hofmanni,1
Ogino et al 1996,terrestre,Stigonema,Stigonema dendroideum,2
Ohno et al 2022,água salgada,Caldora,Caldora sp.,1
Okamoto et al  2015,água salgada,Okeania,Okeania sp.,2
Okello et al 2010,água doce,Microcystis,Microcystis aeruginosa,8
Okino et al 1993,água doce,Microcystis,Microcystis aeruginosa,2
Okino et al 1995,água doce,Microcystis,Microcystis aeruginosa,2
Okino et al 1997,água doce,Nostoc,Nostoc minutum,2
Orjala and Gerwick 1996,água salgada,Lyngbya,Lyngbya majuscula,1
Orjala et al 1995,água salgada,Lyngbya,Lyngbya majuscula,2
Orsini et al 2001,água salgada,Microcoleus,Microcoleus lyngbyaceus,12
Ozaki et al 2019,água salgada,Caldora,Caldora penicillata,1
Ozaki et al 2019,água salgada,Okeania,Okeania sp.,1
Ozaki et al 2021,água salgada,Caldora,Caldora penicillata,2
PAPENDORF et al 1998,água salgada,Phormidium,Phormidium ectocarpi,2
Paik et al 1994,terrestre,Scytonema,Scytonema mirabile,1
Pancrace et al 2017,água doce,Planktothrix,Planktothrix serta,1
Pancreace et al 2019,água doce,Microcystis,Microcystis aeruginosa,1
Pavlik et al 2013,água salgada,Symploca,cf. Symploca sp.,1
Pereira et al  2009,água salgada,Lyngbya,Lyngbya majuscula,1
Pereira et al  2009,água salgada,Phormidium,Phormidium gracile,1
Pereira et al  2010,água salgada,Lyngbya,Lyngbya bouillonii,1
Pereira et al  2012,água salgada,Symploca,Symploca sp.,2
Pereira et al 2011,água salgada,Hormoscilla,Hormoscilla sp.,4
Pereira et al 2011,água salgada,Oscillatoria,cf. Oscillatoria sp.,4
Pergant and Carmeli 1994,terrestre,Schizothrix,Schizothrix sp.,1
Petitbois et al 2017,água salgada,Okeania,Okeania sp.,7
Phyo et al 2019,água salgada,Symploca,Symploca hydnoides,1
Phyo et al 2021,água salgada,Symploca,Symploca hydnoides,6
Pignatello et al 1983,água doce,Scytonema,Scytonema hofmanni,1
Plaza and Bewley 2006,água salgada,Oscillatoria,Oscillatoria sp.,8
Ploutno and Carmeli 2001,água doce,Nostoc,Nostoc sp.,2
Ploutno and Carmeli 2002,água doce,Nostoc,Nostoc sp.,6
Ploutno et al 2002,água doce,Microcystis,Microcystis aeruginosa,3
Pluotno & Carmeli 2000,terrestre,Nostoc,Nostoc sp.,1
Pluotno & Carmeli 2005,água doce,Nostoc,Nostoc sp.,3
Popplewell et al 2011,água salgada,Lyngbya,Lyngbya majuscula,2
Portmann et al 2008,água doce,Microcystis,Microcystis aeruginosa,2
Prasanth et al 2017,água salgada,Microcoleus,Microcoleus chthonoplastes,1
Preisitsch et al 2015,Terrestre,Cylindrospermum,Cylindrospermum stagnale,5
Preisitsch et al 2016,água doce,Nostoc,Nostoc sp.,32
Prinsep and Thomson 1996,terrestre,Tolypothrix,Tolypothrix nodosa,1
Prinsep et al 1995,terrestre,Tolypothrix,Tolypothrix nodosa,8
Prinsep et al 1998,terrestre,Tolypothrix,Tolypothrix nodosa,2
Proteau et al 1993,água doce,Stigonema,Stigonema sp.,1
Puddick et al  2013,água doce,Microcystis,Microcystis aeruginosa,4
Puddick et al 2014,água doce,Microcystis,Microcystis aeruginosa,27
Purushothaman et al 2021 ,água doce,Tolypothrix,Tolypothrix sp.,1
Pérez et al 2020,água doce,Cylindrospermum,Cylindrospermum stagnale,4
QI et al 2014,água doce,Microcystis,Microcystis aeruginosa,10
Quinta et al 2014,água salgada,Oscillatoria,Oscillatoria nigroviridis,5
Rastogi et al 2015,Terrestre,Gloeocapsa,Gloeocapsa sp.,6
Rastogi et al 2015,Terrestre,Gloeocapsopsis,Gloeocapsopsis sp.,6
Rastogi et al 2015,Terrestre,Nostoc,Nostoc sp.,6
Rastogi et al 2015,Terrestre,Scytonema,Scytonema sp.,6
Rastogi et al 2015,Terrestre,Synechocystis,Synechocystis sp.,6
Raveh and Carmeli 2008,água doce,Microcystis,Microcystis sp.,3
Raveh et al 2010,água doce,Microcystis,Microcystis sp.,9
Reher et al 2020,água salgada,Symploca,Symploca sp.,12
Reshef and Carmeli 2001,água doce,Microcystis,Microcystis aeruginosa,7
Reshef and Carmeli 2002,terrestre,Schizothrix,Schizothrix sp.,1
Reshef and Carmeli 2006,água doce,Microcystis,Microcystis aeruginosa,3
Reshef et al 1997,terrestre,Oscillatoria,Oscillatoria limnetica,13
Reshef et al 1997,terrestre,Oscillatoria,Oscillatoria raoi,12
Reshef et al 1997,terrestre,Oscillatoria,Oscillatoria trichoides,1
Reshef et al 1997,terrestre,Phormidium,Phormidium tenue,13
Reshef et al 1997,terrestre,scytonema,scytonema sp.,5
Richa and Sinha 2015,água doce,Nostoc,Nostoc sp.,2
Rouhiainen et al 2010,água doce,Anabaena,Anabaena sp.,4
Roulland et al 2018,água doce,Pseudanabaena,Pseudanabaena sp.,1
Rounge et al 2007,água doce,Anabaena,Anabaena sp.,1
Rounge et al 2007,água doce,Planktothrix,Planktothrix sp.,1
Rubio et al 2010,água salgada,Lyngbya,Lyngbya bouillonii,2
SELWOOD et al 2007,água doce,Aphanizomenon,Aphanizomenon issatschenkoi,1
Sabry et al 2016,água salgada,Moorena,Moorena producens,4
Saha et al 2020,terrestre,Brasilonema,Brasilonema sp.,5
Sakamoto et al 2018,terrestre,Nostoc,Nostoc commune,5
Salvador et al 2010,água salgada,Phormidium,Phormidium spp.,1
Salvador et al 2011,água salgada,Phormidium,Phormidium spp.,1
Salvador et al 2011,água salgada,Symploca,Symploca cf. hydnoides,9
Salvador-Reyes et al 2015,água salgada,Oscillatoriales,Oscillatoriales spp.,2
Sanchez et al 2010,água salobra,Lyngbya,Lyngbya majuscula,3
Sano and Kaya 1995,água doce,Oscillatoria,Oscillatoria agardhii,2
Sano and Kaya 1996,água doce,Oscillatoria,Oscillatoria agardhii,2
Sano and Kaya 1997,água doce,Oscillatoria,Oscillatoria agardhii,2
Sano et al 1998,água doce,Oscillatoria,Oscillatoria agardhii,2
Sanz et al 2015,Terrestre,Brasilonema,Brasilonema sp.,1
Sanz et al 2015,Terrestre,Desmonostoc,Desmonostoc sp.,1
Sanz et al 2015,Terrestre,Nostoc,Nostoc sp.,3
Sanz et al 2015,terrestre,Brasilonema,Brasilonema sp.,1
Sanz et al 2015,terrestre,Desmonostoc,Desmonostoc sp.,1
Sanz et al 2015,terrestre,Nostoc,Nostoc sp.,1
Sasaki et al 2011,água salgada,Lyngbya,Lyngbya sp.,2
Schneider and Adam 1994,terrestre,Anabaena,Anabaena hallensis,1
Schneider et al 1995,terrestre,Anabaena,Anabaena hallensis,12
Schumacher et al 2012,água salobra,Nodularia,Nodularia spumigena,3
Shaala et al 2013,água salgada,Lyngbya,Lyngbya majuscula,6
Shao et al 2015,água salgada,Okeania,Okeania hirsuta,1
Shao et al 2018,água salgada,Okeania,Okeania hirsuta,1
Shen et al 2021,água salgada,Lyngbya,Lyngbya sp.,4
Shin et al 1997,água doce,Anabaena,Anabaena circinalis,1
Shiota et al 2018,água salgada,Caldora,Caldora penicillata,1
Shishido et al  2015,terrestre,Anabaena,Anabaena sp.,1
Shishido et al  2015,terrestre,Nostoc,Nostoc calcicola,1
Shishido et al  2015,água doce,Anabaena,Anabaena cf. cylindrica,1
Shishido et al  2015,água doce,Anabaena,Anabaena sp.,4
Shishido et al  2015,água doce,Nostoc,Nostoc sp.,2
Shishido et al  2015,água doce,Scytonema,Scytonema sp.,1
Shishido et al 2013,terrestre,Nostoc,Nostoc sp.,4
Shishido et al 2013,água doce,Phormidium,Phormidium sp.,5
Shishido et al 2013,água salobra,Microcystis,Microcystis aeruginosa,5
Shishido et al 2013,água salobra,Microcystis,Microcystis sp.,4
Shishido et al 2017,água doce,Sphaerospermopsis,Sphaerospermopsis torques-reginae,4
Shishido et al 2017,água salgada,Nostoc,Nostoc sp.,10
Simmons et al 2006,água salgada,Symploca,Symploca sp.,1
Simmons et al 2008,água salgada,Oscillatoria,Oscillatoria nigroviridis,2
Simmons et al 2009,água salgada,Lyngbya,Lyngbya majuscula,1
Simonin et al 1992,água doce,Synechocystis,Synechocystis sp.,1
Singh et al 1999,água salgada,Lyngbya,Lyngbya majuscula,1
Sitachitta and  Gerwic 1998,água salgada,Lyngbya,Lyngbya majuscula,3
Sitachitta et al 2000,água salgada,Cyanobacterium,cyanobacterium spp.,2
Sitachitta et al 2000,água salgada,Lyngbya,Lyngbya majuscula,1
Sivonem et al 1992,água doce,Anabaena,Anabaena flos-aquae,6
Sivonen et al  1990,água doce,Nostoc,Nostoc sp.,4
Sivonen et al  1992,água doce,Nostoc,Nostoc sp.,7
Sivonen et al 1992,água doce,Microcystis,Microcystis aeruginosa,5
Sonjoukhan et al 1991,terrestre,Tolypothrix,Tolypothrix tjipanasensis,15
Soria-Mercado et al 2009,água salgada,Lyngbya,Lyngbya bouillonii,1
Soriente et al 1994,água salgada,Nodularia,Nodularia harveyana,1
Spoof et al  2016,água salobra,cyanobacterium,cyanobacterium spp.,1
Stewart et al 2018,água doce,Microcystis,Microcystis aeruginosa,5
Stierle et al  1998,água doce,Gloeotrichia,Gloeotrichia sp.,1
Stratmann et al  1994,terrestre,Aulosira,Aulosira fertilissima,1
Sueyoshi et al 2016,água salgada,Okeania,Okeania sp.,1
Sueyoshi et al 2017,água salgada,Moorena,Moorena producens,3
Sueyoshi et al 2017,água salgada,Okeania,Okeania sp.,1
Sueyoshi et al 2018,água salgada,Okeania,Okeania sp.,2
Sulivan et al 2020,água doce,Oscillatoria,cf. Oscillatoria sp.,2
Sulivan et al 2021,água doce,Phormidium,cf. Phormidium sp.,1
Sulivan et al 2021,água doce,Trichormus,cf. Trichormus sp.,1
Sumimoto et al 2016,água salgada,Moorena,Moorena bouillonii,1
Sumimoto et al 2019,água salgada,Okeania,Okeania hirsuta,1
Suo et al 2020,água salgada,Symploca,Symploca sp.,4
Sweeney-Jones et al 2020,água salgada,Moorena,Moorena producens,5
Takaishi et al 2005,terrestre,Nostoc,Nostoc punctiforme,7
Tan et al 2000,água salgada,Lyngbya,Lyngbya majuscula,2
Tan et al 2002,água salgada,Lyngbya,Lyngbya bouillonii,1
Tan et al 2003,água salgada,Lyngbya,Lyngbya majuscula,6
Tan et al 2008,água salgada,Lyngbya,Lyngbya majuscula,2
Tan et al 2013,água salgada,Moorena,Moorena bouillonii,3
Tang et al 2019,água salgada,Lyngbya,Lyngbya sp.,8
Taniguchi et al 2010,água salgada,Lyngbya,Lyngbya majuscula,1
Tao et al 2018,água salgada,Phormidium,cf. Phormidium sp.,9
Taori et al  2007,água salgada,Lyngbya,Lyngbya confervoides,2
Taori et al  2007,água salgada,Lyngbya,Lyngbya sp.,2
Taori et al  2008,água salgada,Symploca,Symploca sp.,1
Taori et al  2008,água salobra,Lyngbya,Lyngbya sp.,4
Tellez et al 2001,água doce,Oscillatoria,Oscillatoria perornata,16
Teruya et al  2005,água salgada,Phormidium,Phormidium sp.,2
Teruya et al  2009,água salgada,Lyngbya,Lyngbya sp.,1
Teta et al 2015,água doce,Microcystis,Microcystis aeruginosa,8
Teta et al 2019,água salgada,Trichodesmium,Trichodesmium sp.,2
Thammana et al 2006,água doce,Anabaena,Anabaena sp.,1
Thornburg et al 2011,água salgada,Leptolyngbya,Leptolyngbya sp.,3
Thornburg et al 2013,água salobra,Moorena,Moorena producens,7
Tidgewell et al 2010,água salgada,Lyngbya,Lyngbya bouillonii,2
Todd and Gerwick 1995,água salgada,Lyngbya,Lyngbya majuscula,2
Todd et al 1995,água salgada,Lyngbya,Lyngbya majuscula,4
Tomek et al 2015,terrestre,Desmonostoc,Desmonostoc muscorum,2
Tooming-Klunderud et al 2007,água doce,Microcystis,Microcystis cf. wesenbergii,1
Tripathi et al 2009,água salgada,Lyngbya,Lyngbya majuscula,1
Tripathi et al 2010,água salgada,Lyngbya,Lyngbya majuscula,4
Tripathi et al 2011,água salgada,Lyngbya,Lyngbya majuscula,1
Tsui et al 1996,água salgada,Kyrtuthrix,Kyrtuthrix maculans,1
Ueoka et al 2015,terrestre,Scytonema,Scytonema sp.,1
Ueoka et al 2015,água doce,Planktothrix,Planktothrix paucivesiculata,1
Vasas et al 2006,água doce,Microcystis,Microcystis aeruginosa,3
Vegman and Carmeli 2013,água doce,Microcystis,Microcystis sp.,18
Vegman and Carmeli 2014,água doce,Microcystis,Microcystis spp.,6
Vehgman and Carmeli 2014,água doce,Microcystis,Microcystis spp.,6
Via et al 2018,água salgada,Trichodesmium,Trichodesmium sp.,4
Vininget al 2015,água salgada,Leptolyngbya,Leptolyngbya sp.,2
Volkmann et al  2006,água salgada,Euhalothece,Euhalothece sp.,1
Voračova et al 2017,água salgada,Nodularia,Nodularia sp.,1
Watanabe et al 2015,água salgada,Lyngbya,Lyngbya sp.,3
Welker and Erhard 2007,água doce,Planktothrix,Planktothrix rubescens,16
Welker et al 2004,água doce,Microcystis,Microcystis sp.,45
Welker et al 2004,água doce,Planktothrix,Planktothrix sp.,10
Welker et al 2006,água doce,Microcystis,Microcystis sp.,60
William et al 2002,água salgada,Symploca,Symploca sp.,1
William et al 2003,água salgada,Symploca,Symploca sp.,3
Williams et al 1996,água doce,Microcystis,Microcystis aeruginosa,2
Williams et al 2002,água salgada,Lyngbya,Lyngbya confervoides,1
Williams et al 2003,água salgada,Lyngbya,Lyngbya majuscula,3
Williams et al 2003,água salgada,Lyngbya,Lyngbya sp.,4
Williams et al 2004,água salgada,Symploca,Symploca sp.,5
Williamson et al 2002,água salgada,Phormidium,Phormidium sp.,1
Wong et al  2002,água salgada,Kyrtuthrix,Kyrtuthrix maculans,1
Wood et al 2008,água doce,Nostoc,Nostoc sp.,8
Wu et al 1997,água salgada,Lyngbya,Lyngbya majuscula,3
Wu et al 2000,água salgada,Lyngbya,Lyngbya majuscula,1
Yamano et al 2020,água salgada,Okeania,Okeania sp.,5
Yamano et al 2021,água salgada,Okeania,Okeania sp.,2
Yang et al 1993,terrestre,Nostoc,Nostoc sp.,2
Yilmaz et al 2019,água doce,Microcystis,Microcystis aeruginosa,13
Youssef et al 2014,água salgada,Moorena,Moorena producens,6
Youssef et al 2016,água salgada,Moorena,Moorena producens,5
Yu et al 2019,água salgada,Moorena,Moorena producens,17
Zafrir-Ilan and Carmeli 2010,água doce,Microcystis,Microcystis sp.,11
Zainuddin et al 2007,água doce,Microcystis,Microcystis ichthyoblabe,2
Zainuddin et al 2009,água doce,Lyngbya,Lyngbya sp.,4
Zang et al 2017,água salgada,Caldora,cf. Caldora penicillata,2
Zelík et al 2010,terrestre,Nostoc,Nostoc sp.,1
Zhang et al 1997,água salgada,Lyngbya,Lyngbya majuscula,1
Zhang et al 2006,água doce,Synechocystis,Synechocystis sp.,1
Zi et al 2012,água doce,Lyngbya,Lyngbya sp.,4
