autor,bioatividade,habitat,Contagem
Kuranaga et al 2020,Algicida,água doce,2
Lee and Gleason 1994,Algicida,água doce,1
Leão et al 2010,Algicida,água doce,1
Pignatello et al 1983,Algicida,água doce,1
Kawaguchi et al 2020,Algicida,água salgada,4
Iguchi et al 2021,Algicida,água salgada,2
Nagai et al 2019,Algicida,água salgada,1
Petitbois et al 2017,Anti-incrustante,água salgada,3
Kapuscik et al 2013,Anti-inflamatório,terrestre,1
Prinsep and Thomson 1996,Anti-inflamatório,terrestre,1
Choi et al 2012,Anti-inflamatório,água salgada,1
Engene et al 2011,Anti-inflamatório,água salgada,1
Malloy et al 2011,Anti-inflamatório,água salgada,1
Preisitsch et al 2015,Antibacteriano,Terrestre,3
Carmeli et al 1990,Antibacteriano,terrestre,6
Bui et al 2007,Antibacteriano,terrestre,3
Cabanillas et al 2018,Antibacteriano,terrestre,2
Costa et al 2016,Antibacteriano,terrestre,2
Matern et al 2003,Antibacteriano,terrestre,1
Mo et al 2009,Antibacteriano,terrestre,1
Pergant and Carmeli 1994,Antibacteriano,terrestre,1
Pluotno & Carmeli 2000,Antibacteriano,terrestre,1
Preisitsch et al 2016,Antibacteriano,água doce,20
Costa et al 2016,Antibacteriano,água doce,2
Muller et al 2006,Antibacteriano,água doce,2
Zainuddin et al 2009,Antibacteriano,água doce,2
Adiv et al 2012,Antibacteriano,água doce,1
Bagchi 1995,Antibacteriano,água doce,1
Ishida et al 1997,Antibacteriano,água doce,1
Kaya et al 2002,Antibacteriano,água doce,1
Martins et al  2018,Antibacteriano,água doce,1
Pignatello et al 1983,Antibacteriano,água doce,1
Phyo et al 2021,Antibacteriano,água salgada,4
Montaser et al 2011,Antibacteriano,água salgada,3
Costa et al 2016,Antibacteriano,água salgada,2
Gutiérrez et al 2008,Antibacteriano,água salgada,2
Luesch et al 2001,Antibacteriano,água salgada,2
Luesh et al 2002,Antibacteriano,água salgada,2
Tripathi et al 2010,Antibacteriano,água salgada,2
Ahamed et al 2017,Antibacteriano,água salgada,1
Cardelina and Moore 1979,Antibacteriano,água salgada,1
Choi et al 2010,Antibacteriano,água salgada,1
Choi et al 2012,Antibacteriano,água salgada,1
Kwan et al 2010,Antibacteriano,água salgada,1
Kwan et al 2011,Antibacteriano,água salgada,1
Levert et al 2018,Antibacteriano,água salgada,1
Liang et al 2019,Antibacteriano,água salgada,1
Maneechote et al 2017,Antibacteriano,água salgada,1
Costa et al 2016,Antibacteriano,água salobra,2
Brumley et al 2018,Antibiótico,água salgada,3
D'Agostino et al 2018,Anticrustáceo,água doce,33
Akamatsu et al 2022,Anticrustáceo,água doce,2
Portmann et al 2008,Anticrustáceo,água doce,2
Blom et al 2003,Anticrustáceo,água doce,1
Han et al 2003,Anticrustáceo,água salgada,7
Williamson et al 2004,Anticrustáceo,água salgada,3
Bingnan et al 2011,Anticrustáceo,água salgada,2
Jiang et al  2014,Anticrustáceo,água salgada,2
Milligan et al 2000,Anticrustáceo,água salgada,2
Sitachitta et al 2000,Anticrustáceo,água salgada,2
Tan et al 2000,Anticrustáceo,água salgada,2
Tan et al 2008,Anticrustáceo,água salgada,2
Graber and Gerwick 1998,Anticrustáceo,água salgada,1
Singh et al 1999,Anticrustáceo,água salgada,1
Sitachitta and  Gerwic 1998,Anticrustáceo,água salgada,1
Todd and Gerwick 1995,Anticrustáceo,água salgada,1
Heinilä et al  2020,Antifúngico,terrestre,6
Jaki et al 2001,Antifúngico,terrestre,2
Carmeli et al 1990,Antifúngico,terrestre,1
Kajiyama et al 1998,Antifúngico,terrestre,1
Neuhof et al 2005,Antifúngico,terrestre,1
Neuhof et al 2006,Antifúngico,terrestre,1
Pergant and Carmeli 1994,Antifúngico,terrestre,1
Shishido et al  2015,Antifúngico,terrestre,1
Sonjoukhan et al 1991,Antifúngico,terrestre,1
Heinilä et al  2021,Antifúngico,água doce,8
Shishido et al  2015,Antifúngico,água doce,6
Brilisauer et al 2019,Antifúngico,água doce,1
Moon et al 1992,Antifúngico,água doce,1
Pancrace et al 2017,Antifúngico,água doce,1
Bertin et al 2016,Antifúngico,água salgada,2
MacMillan et al 2002,Antifúngico,água salgada,2
Meickle et al 2009,Antifúngico,água salgada,2
Carter et al 1984,Antifúngico,água salgada,1
MARQUEZ et al 2002,Antifúngico,água salgada,1
Milligan et al 2000,Antifúngico,água salgada,1
Singh et al 1999,Antifúngico,água salgada,1
Bui et al 2014,Antifúngico,água salobra,4
NINOMIYA et al 2011,Antioxidante,terrestre,2
Zhang et al 2006,Antioxidante,água doce,1
Sweeney-Jones et al 2020,Antiparasitários,água salgada,5
Almaliti et al 2017,Antiparasitários,água salgada,4
Balunas et al 2012,Antiparasitários,água salgada,4
McPhail et al 2007,Antiparasitários,água salgada,3
Iwasaki et al 2018,Antiparasitários,água salgada,2
Linington et al 2007,Antiparasitários,água salgada,2
Tripathi et al 2010,Antiparasitários,água salgada,2
Vininget al 2015,Antiparasitários,água salgada,2
Costa et al 2019,Antiparasitários,água salgada,1
Gutiérrez et al 2010,Antiparasitários,água salgada,1
Iwasaki et al 2020,Antiparasitários,água salgada,1
Kurisawa et al 2017,Antiparasitários,água salgada,1
Linington et al 2008,Antiparasitários,água salgada,1
Linington et al 2009,Antiparasitários,água salgada,1
Ogawa et al 2016,Antiparasitários,água salgada,1
Ogawa et al 2017,Antiparasitários,água salgada,1
Ozaki et al 2019,Antiparasitários,água salgada,1
PAPENDORF et al 1998,Antiparasitários,água salgada,1
Shao et al 2015,Antiparasitários,água salgada,1
Shao et al 2018,Antiparasitários,água salgada,1
Tripathi et al 2011,Antiparasitários,água salgada,1
Balunas et al 2010,Antiparasitários,água salobra,3
Preisitsch et al 2015,Antitumoral e Citotóxico,Terrestre,3
Carmeli et al 1990,Antitumoral e Citotóxico,terrestre,17
Liu et al 2014,Antitumoral e Citotóxico,terrestre,4
Bui et al 2007,Antitumoral e Citotóxico,terrestre,3
Carmeli et al 1991,Antitumoral e Citotóxico,terrestre,3
Hrouzek et al 2012,Antitumoral e Citotóxico,terrestre,2
Saha et al 2020,Antitumoral e Citotóxico,terrestre,2
Tomek et al 2015,Antitumoral e Citotóxico,terrestre,2
Yang et al 1993,Antitumoral e Citotóxico,terrestre,2
Paik et al 1994,Antitumoral e Citotóxico,terrestre,1
Stratmann et al  1994,Antitumoral e Citotóxico,terrestre,1
Pérez et al 2020,Antitumoral e Citotóxico,água doce,4
He et al 2018,Antitumoral e Citotóxico,água doce,3
Barchi jr. et al 1984,Antitumoral e Citotóxico,água doce,2
Kang et al 2012,Antitumoral e Citotóxico,água doce,2
Luo et al 2015,Antitumoral e Citotóxico,água doce,2
Sulivan et al 2020,Antitumoral e Citotóxico,água doce,2
Belise et al 2017,Antitumoral e Citotóxico,água doce,1
Fujii et al 1999,Antitumoral e Citotóxico,água doce,1
Luo et al 2014,Antitumoral e Citotóxico,água doce,1
Pancreace et al 2019,Antitumoral e Citotóxico,água doce,1
Yu et al 2019,Antitumoral e Citotóxico,água salgada,15
Salvador et al 2011,Antitumoral e Citotóxico,água salgada,9
Tao et al 2018,Antitumoral e Citotóxico,água salgada,9
Han et al 2005,Antitumoral e Citotóxico,água salgada,7
Harrigan et al  1998,Antitumoral e Citotóxico,água salgada,6
Bertin et al  2018,Antitumoral e Citotóxico,água salgada,5
Gross et al 2010,Antitumoral e Citotóxico,água salgada,5
McManus et al 2020,Antitumoral e Citotóxico,água salgada,5
Phyo et al 2021,Antitumoral e Citotóxico,água salgada,5
Youssef et al 2016,Antitumoral e Citotóxico,água salgada,5
Cui et al 2017,Antitumoral e Citotóxico,água salgada,4
Jiménez et al 2009,Antitumoral e Citotóxico,água salgada,4
Kawaguchi et al 2020,Antitumoral e Citotóxico,água salgada,4
Luesch et al 2002,Antitumoral e Citotóxico,água salgada,4
Nagle and Gerwick 1995,Antitumoral e Citotóxico,água salgada,4
Tripathi et al 2010,Antitumoral e Citotóxico,água salgada,4
Bornacin et al 2019,Antitumoral e Citotóxico,água salgada,3
Boudreau et al 2015,Antitumoral e Citotóxico,água salgada,3
Cai et al 2016,Antitumoral e Citotóxico,água salgada,3
Edwards et al 2004,Antitumoral e Citotóxico,água salgada,3
Gunasekera et al 2016,Antitumoral e Citotóxico,água salgada,3
Iwasaki et al 2014,Antitumoral e Citotóxico,água salgada,3
Kwan et al 2010,Antitumoral e Citotóxico,água salgada,3
Morita et al 2012,Antitumoral e Citotóxico,água salgada,3
Watanabe et al 2015,Antitumoral e Citotóxico,água salgada,3
William et al 2003,Antitumoral e Citotóxico,água salgada,3
Youssef et al 2014,Antitumoral e Citotóxico,água salgada,3
Bertin et al 2016,Antitumoral e Citotóxico,água salgada,2
Bonnard et al 2007,Antitumoral e Citotóxico,água salgada,2
Brumley et al 2020,Antitumoral e Citotóxico,água salgada,2
Han et al 2006,Antitumoral e Citotóxico,água salgada,2
Horgen et al 2002,Antitumoral e Citotóxico,água salgada,2
Iguchi et al 2021,Antitumoral e Citotóxico,água salgada,2
Iwasaki et al 2017,Antitumoral e Citotóxico,água salgada,2
Jiang et al  2014,Antitumoral e Citotóxico,água salgada,2
Kim et al 2021,Antitumoral e Citotóxico,água salgada,2
Levert et al 2018,Antitumoral e Citotóxico,água salgada,2
Luesch et al 1999,Antitumoral e Citotóxico,água salgada,2
Luesch et al 2001,Antitumoral e Citotóxico,água salgada,2
Okamoto et al  2015,Antitumoral e Citotóxico,água salgada,2
Pereira et al  2012,Antitumoral e Citotóxico,água salgada,2
Salvador-Reyes et al 2015,Antitumoral e Citotóxico,água salgada,2
Shaala et al 2013,Antitumoral e Citotóxico,água salgada,2
Tan et al 2000,Antitumoral e Citotóxico,água salgada,2
Thornburg et al 2011,Antitumoral e Citotóxico,água salgada,2
Via et al 2018,Antitumoral e Citotóxico,água salgada,2
Williams et al 2003,Antitumoral e Citotóxico,água salgada,2
Williams et al 2004,Antitumoral e Citotóxico,água salgada,2
Al‐Awadhi et al 2018,Antitumoral e Citotóxico,água salgada,1
Andrianasolo et al 2009,Antitumoral e Citotóxico,água salgada,1
Bertin et al 2017,Antitumoral e Citotóxico,água salgada,1
Bingnan et al 2011,Antitumoral e Citotóxico,água salgada,1
Boudreau et al 2012,Antitumoral e Citotóxico,água salgada,1
Cai et al 2018,Antitumoral e Citotóxico,água salgada,1
Demirkiran et al 2021,Antitumoral e Citotóxico,água salgada,1
Gutierrez et al 2008,Antitumoral e Citotóxico,água salgada,1
Gutiérrez et al  2009,Antitumoral e Citotóxico,água salgada,1
Gutiérrez et al 2010,Antitumoral e Citotóxico,água salgada,1
Hemscheidt et al 1994,Antitumoral e Citotóxico,água salgada,1
Iwasaki et al 2015,Antitumoral e Citotóxico,água salgada,1
Iwasaki et al 2018,Antitumoral e Citotóxico,água salgada,1
Kanamori et al 2016,Antitumoral e Citotóxico,água salgada,1
Kurisawa et al 2017,Antitumoral e Citotóxico,água salgada,1
Linington et al 2008,Antitumoral e Citotóxico,água salgada,1
Lopez et al 2016,Antitumoral e Citotóxico,água salgada,1
MARQUEZ et al 1998,Antitumoral e Citotóxico,água salgada,1
Malloy et al 2011,Antitumoral e Citotóxico,água salgada,1
Medina et al 2008,Antitumoral e Citotóxico,água salgada,1
Meickle et al 2009,Antitumoral e Citotóxico,água salgada,1
Mevers et al 2011,Antitumoral e Citotóxico,água salgada,1
Nagai et al 2019,Antitumoral e Citotóxico,água salgada,1
Naman et al  2017,Antitumoral e Citotóxico,água salgada,1
Ohno et al 2022,Antitumoral e Citotóxico,água salgada,1
Ozaki et al 2019,Antitumoral e Citotóxico,água salgada,1
Pereira et al  2009,Antitumoral e Citotóxico,água salgada,1
Petitbois et al 2017,Antitumoral e Citotóxico,água salgada,1
Phyo et al 2019,Antitumoral e Citotóxico,água salgada,1
Quinta et al 2014,Antitumoral e Citotóxico,água salgada,1
Sabry et al 2016,Antitumoral e Citotóxico,água salgada,1
Salvador et al 2010,Antitumoral e Citotóxico,água salgada,1
Simmons et al 2006,Antitumoral e Citotóxico,água salgada,1
Simmons et al 2009,Antitumoral e Citotóxico,água salgada,1
Sitachitta and  Gerwic 1998,Antitumoral e Citotóxico,água salgada,1
Sueyoshi et al 2016,Antitumoral e Citotóxico,água salgada,1
Sumimoto et al 2016,Antitumoral e Citotóxico,água salgada,1
Sumimoto et al 2019,Antitumoral e Citotóxico,água salgada,1
Tan et al 2002,Antitumoral e Citotóxico,água salgada,1
Tan et al 2013,Antitumoral e Citotóxico,água salgada,1
Taniguchi et al 2010,Antitumoral e Citotóxico,água salgada,1
Taori et al  2008,Antitumoral e Citotóxico,água salgada,1
Teruya et al  2009,Antitumoral e Citotóxico,água salgada,1
Tripathi et al 2009,Antitumoral e Citotóxico,água salgada,1
Tripathi et al 2011,Antitumoral e Citotóxico,água salgada,1
Voračova et al 2017,Antitumoral e Citotóxico,água salgada,1
William et al 2002,Antitumoral e Citotóxico,água salgada,1
Williams et al 2002,Antitumoral e Citotóxico,água salgada,1
Zang et al 2017,Antitumoral e Citotóxico,água salgada,1
Zhang et al 1997,Antitumoral e Citotóxico,água salgada,1
Schumacher et al 2012,Antitumoral e Citotóxico,água salobra,3
Figueredo et al 2021,Antitumoral e Citotóxico,água salobra,1
Thornburg et al 2013,Antitumoral e Citotóxico,água salobra,1
Reshef et al 1997,Antiviral,terrestre,8
Larsen et al 1994,Antiviral,terrestre,3
Zainuddin et al 2007,Antiviral,água doce,2
Gupta et al 2014,Antiviral,água salgada,2
Ogino et al 1996,BRMT,terrestre,1
Freitas et al 2019,BRMT,água salgada,2
Ozaki et al 2021,BRMT,água salgada,2
Han et al 2003,BRMT,água salgada,1
Fidor et al 2020,BRMT,água salobra,9
Kaya et al 2006,Biosurfactante,água doce,1
Mehjabin et al 2020,Biosurfactante,água salgada,3
Gutierrez et al 2011,Canabinomimético,água salgada,1
Mevers et al 2014,Canabinomimético,água salgada,1
Sitachitta and  Gerwic 1998,Canabinomimético,água salgada,1
Luesch et al 2000,Disfunções e Alterações Celulares,água salgada,1
MARQUEZ et al 2002,Disfunções e Alterações Celulares,água salgada,1
Jokela et al 2012,Disfunções e Alterações Celulares,água salobra,2
Gunasekera et al 2019,Doença em corais,água salgada,2
Luesch et al 2001,Estimulador enzimático,água salgada,2
Brilisauer et al 2019,Herbicida/ alelopático,água doce,1
Pignatello et al 1983,Herbicida/ alelopático,água doce,1
Helms et al 1988,Inibidor de canais iônicos,terrestre,1
Minowa et al 2019,Inibidor de canais iônicos,água doce,2
Edwards et al 2004,Inibidor de canais iônicos,água salgada,3
Naman et al  2017,Inibidor de canais iônicos,água salgada,3
Nunnery et al 2012,Inibidor de canais iônicos,água salgada,3
Shen et al 2021,Inibidor de canais iônicos,água salgada,3
Fang et al 2019,Inibidor de canais iônicos,água salgada,2
Gross et al 2010,Inibidor de canais iônicos,água salgada,2
Han et al 2018,Inibidor de canais iônicos,água salgada,2
Malloy et al 2012,Inibidor de canais iônicos,água salgada,2
Tang et al 2019,Inibidor de canais iônicos,água salgada,2
Adams et al 2008,Inibidor de canais iônicos,água salgada,1
Engene et al 2011,Inibidor de canais iônicos,água salgada,1
Kurisawa et  al 2022,Inibidor de canais iônicos,água salgada,1
Pereira et al  2009,Inibidor de canais iônicos,água salgada,1
Pereira et al 2010,Inibidor de canais iônicos,água salgada,1
Taniguchi et al 2010,Inibidor de canais iônicos,água salgada,1
Chlipala et al 2010,Inibidor proteico/ enzimático,terrestre,10
Matern et al 2001,Inibidor proteico/ enzimático,terrestre,2
Reshef and Carmeli 2002,Inibidor proteico/ enzimático,terrestre,1
Ueoka et al 2015,Inibidor proteico/ enzimático,terrestre,1
Zelík et al 2010,Inibidor proteico/ enzimático,terrestre,1
Lodin-Friedman and Carmeli 2018,Inibidor proteico/ enzimático,água doce,9
Reshef and Carmeli 2001,Inibidor proteico/ enzimático,água doce,7
Vegman and Carmeli 2013,Inibidor proteico/ enzimático,água doce,7
Adiv et al 2010,Inibidor proteico/ enzimático,água doce,6
Liu et al 2014,Inibidor proteico/ enzimático,água doce,6
Ishida et al 2000,Inibidor proteico/ enzimático,água doce,5
Bladt et al 2014,Inibidor proteico/ enzimático,água doce,4
Kisugi and Okino 2009,Inibidor proteico/ enzimático,água doce,4
Lifshits et al 2011,Inibidor proteico/ enzimático,água doce,4
Lodin-Friedman and Carmeli 2013,Inibidor proteico/ enzimático,água doce,4
Banker & Carmeli 1999,Inibidor proteico/ enzimático,água doce,3
Grach-Pogrebinsky et al 2003,Inibidor proteico/ enzimático,água doce,3
Matsuda et al 1996,Inibidor proteico/ enzimático,água doce,3
Murakami et al 1997,Inibidor proteico/ enzimático,água doce,3
Niedermeyer et al 2014,Inibidor proteico/ enzimático,água doce,3
Gatte-Picchi et al 2014,Inibidor proteico/ enzimático,água doce,2
Krunic et al 2010,Inibidor proteico/ enzimático,água doce,2
Murakami et al 1995,Inibidor proteico/ enzimático,água doce,2
Okino et al 1993,Inibidor proteico/ enzimático,água doce,2
Okino et al 1995,Inibidor proteico/ enzimático,água doce,2
Okino et al 1997,Inibidor proteico/ enzimático,água doce,2
Pluotno & Carmeli 2005,Inibidor proteico/ enzimático,água doce,2
Sano and Kaya 1996,Inibidor proteico/ enzimático,água doce,2
Sano et al 2005,Inibidor proteico/ enzimático,água doce,2
Zi et al 2012,Inibidor proteico/ enzimático,água doce,2
Baumann et al 2007,Inibidor proteico/ enzimático,água doce,1
Beattie et al 2000,Inibidor proteico/ enzimático,água doce,1
Becher et al 2005,Inibidor proteico/ enzimático,água doce,1
Bister et al 2004,Inibidor proteico/ enzimático,água doce,1
Choi et al 2008,Inibidor proteico/ enzimático,água doce,1
Gademann et al 2010,Inibidor proteico/ enzimático,água doce,1
Jakobi et al 1995,Inibidor proteico/ enzimático,água doce,1
Kang et al 2012,Inibidor proteico/ enzimático,água doce,1
Kodani et al 1998,Inibidor proteico/ enzimático,água doce,1
Laub et al 2002,Inibidor proteico/ enzimático,água doce,1
Murakami et al 1994,Inibidor proteico/ enzimático,água doce,1
Sano and Kaya 1995,Inibidor proteico/ enzimático,água doce,1
Shin et al 1997,Inibidor proteico/ enzimático,água doce,1
Stewart et al 2018,Inibidor proteico/ enzimático,água doce,1
Sulivan et al 2021,Inibidor proteico/ enzimático,água doce,1
Thammana et al 2006,Inibidor proteico/ enzimático,água doce,1
Gallegos et al 2018,Inibidor proteico/ enzimático,água salgada,5
Plaza and Bewley 2006,Inibidor proteico/ enzimático,água salgada,4
Taori et al  2007,Inibidor proteico/ enzimático,água salgada,4
Al‐Awadhi et al 2018,Inibidor proteico/ enzimático,água salgada,3
Iwasaki et al 2017,Inibidor proteico/ enzimático,água salgada,3
Jokela et al 2017,Inibidor proteico/ enzimático,água salgada,3
Kwan et al 2009,Inibidor proteico/ enzimático,água salgada,3
Matthew et al 2009,Inibidor proteico/ enzimático,água salgada,3
Iwasaki et al 2014,Inibidor proteico/ enzimático,água salgada,2
Matthew et al 2007,Inibidor proteico/ enzimático,água salgada,2
Matthew et al 2010,Inibidor proteico/ enzimático,água salgada,2
Pereira et al  2012,Inibidor proteico/ enzimático,água salgada,2
Rubio et al 2010,Inibidor proteico/ enzimático,água salgada,2
Al-Awadhi et al 2016,Inibidor proteico/ enzimático,água salgada,1
Gerwick et al 1986,Inibidor proteico/ enzimático,água salgada,1
Gunasekera et al 2010,Inibidor proteico/ enzimático,água salgada,1
Kanamori et al 2016,Inibidor proteico/ enzimático,água salgada,1
Linington et al 2008,Inibidor proteico/ enzimático,água salgada,1
Matthew et al 2008,Inibidor proteico/ enzimático,água salgada,1
Molinski et al 2012,Inibidor proteico/ enzimático,água salgada,1
Ozaki et al 2019,Inibidor proteico/ enzimático,água salgada,1
Pavlik et al 2013,Inibidor proteico/ enzimático,água salgada,1
Prasanth et al 2017,Inibidor proteico/ enzimático,água salgada,1
Sasaki et al 2011,Inibidor proteico/ enzimático,água salgada,1
Mazur-Marzec et al 2018,Inibidor proteico/ enzimático,água salobra,7
Heinilä et al  2022,Inibidor proteico/ enzimático,água salobra,2
Taori et al  2008,Inibidor proteico/ enzimático,água salobra,2
Al-Awadhi et al 2017,Inibidor proteico/ enzimático,água salobra,1
Kaya et al 1996,Inibidor proteico/ enzimático,água salobra,1
Liu et al 2015,Inibidor proteico/ enzimático,água salobra,1
Spoof et al  2016,Inibidor proteico/ enzimático,água salobra,1
Iwasaki et al 2021,Metabólicos e Reguladores Celulares,água doce,1
Popplewell et al 2011,Metabólicos e Reguladores Celulares,água salgada,2
Sueyoshi et al 2018,Metabólicos e Reguladores Celulares,água salgada,2
Yamano et al 2021,Metabólicos e Reguladores Celulares,água salgada,2
Cai et al 2017,Metabólicos e Reguladores Celulares,água salgada,1
Inuzuka et al 2014,Metabólicos e Reguladores Celulares,água salgada,1
Nagle et al 1996,Metabólicos e Reguladores Celulares,água salgada,1
Nagle et al 2000,Metabólicos e Reguladores Celulares,água salgada,1
Nakamura et al 2018,Metabólicos e Reguladores Celulares,água salgada,1
Ozaki et al 2019,Metabólicos e Reguladores Celulares,água salgada,1
Shiota et al 2018,Metabólicos e Reguladores Celulares,água salgada,1
Sueyoshi et al 2017,Metabólicos e Reguladores Celulares,água salgada,1
Williamson et al 2002,Metabólicos e Reguladores Celulares,água salgada,1
Pereira et al 2011,Moluscicida,água salgada,2
Tan et al 2000,Moluscicida,água salgada,2
Orjala and Gerwick 1996,Moluscicida,água salgada,1
Pereira et al  2010,Moluscicida,água salgada,1
Sitachitta et al 2000,Moluscicida,água salgada,1
Höckelmann and Jüttner 2005,Odorantes,água doce,21
Höckelmann and Jüttner 2005,Odorantes,água salobra,1
Gregson et al  1992,Outros,terrestre,1
Liu et al 2014,Outros,terrestre,1
Kirviranta et al 1992,Outros,água doce,1
Gross et al 2010,Outros,água salgada,2
Jiménez et al 2009,Outros,água salgada,2
Joukela et al 2010,Outros,água salgada,1
Simmons et al 2008,Outros,água salgada,1
Wong et al  2002,Outros,água salgada,1
Rastogi et al 2015,Protetores-UV,Terrestre,6
Ploutno and Carmeli 2001,Protetores-UV,água doce,2
Richa and Sinha 2015,Protetores-UV,água doce,2
Proteau et al 1993,Protetores-UV,água doce,1
Zhang et al 2006,Protetores-UV,água doce,1
Yamano et al 2020,Relacionados ao Sistema Imunológico,água salgada,5
Aimi et al 1990,Relacionados ao Sistema Imunológico,água salgada,2
Gunasekera et al 2016,Relacionados ao Sistema Imunológico,água salgada,2
Malloy et al 2011,Relacionados ao Sistema Imunológico,água salgada,1
Mori et al 2015,Relacionados ao Sistema Imunológico,água salgada,1
Zhang et al 1997,Relacionados ao Sistema Imunológico,água salgada,1
Kaasalainen et al 2009,Toxina,terrestre,8
Shishido et al 2013,Toxina,terrestre,4
Gunasekera et al 2008,Toxina,terrestre,1
Miles et al 2013,Toxina,água doce,39
Hummert et al 2001,Toxina,água doce,28
Puddick et al 2014,Toxina,água doce,27
Miles et al 2014,Toxina,água doce,25
Welker et al 2006,Toxina,água doce,23
Welker et al 2004,Toxina,água doce,18
Namikoshi et al 1992,Toxina,água doce,14
Luukkainen et al 1994,Toxina,água doce,13
Yilmaz et al 2019,Toxina,água doce,13
Bouhaddada et al 2016,Toxina,água doce,12
Namikoshi et al 1995,Toxina,água doce,11
Ballot et al 2020,Toxina,água doce,10
Mallia et al 2019,Toxina,água doce,10
QI et al 2014,Toxina,água doce,10
Elkobi-Peer  et al 2012,Toxina,água doce,9
Adiv and Carmeli 2013,Toxina,água doce,8
Namikoshi et al  1992,Toxina,água doce,8
Okello et al 2010,Toxina,água doce,8
Wood et al 2008,Toxina,água doce,8
Mahakhant et al 2006,Toxina,água doce,7
Puddick et al  2015,Toxina,água doce,7
Sivonen et al  1992,Toxina,água doce,7
LUUKKAINEN et al 1993,Toxina,água doce,6
Sivonem et al 1992,Toxina,água doce,6
Craig et al 1993,Toxina,água doce,5
Czarnecki et al 2005,Toxina,água doce,5
Erhard et al 1997,Toxina,água doce,5
Lifshits and Carmeli 2012,Toxina,água doce,5
Mayumi et al 2006,Toxina,água doce,5
Shishido et al 2013,Toxina,água doce,5
Sivonen et al 1992,Toxina,água doce,5
Vehgman and Carmeli 2014,Toxina,água doce,5
Christiansen et al 2008,Toxina,água doce,4
Elkobi-Peer and Carmeli 2015,Toxina,água doce,4
Farias et al 2006,Toxina,água doce,4
Sivonen et al  1990,Toxina,água doce,4
Stewart et al 2018,Toxina,água doce,4
Teta et al 2015,Toxina,água doce,4
Zafrir-Ilan and Carmeli 2010,Toxina,água doce,4
Ferranti et al 2009,Toxina,água doce,3
Grach-Pogrebinsky et al 2004,Toxina,água doce,3
Harada et al 1991,Toxina,água doce,3
Ishida et al 2002,Toxina,água doce,3
Namikoshi et al  1994,Toxina,água doce,3
Okello et al 2009,Toxina,água doce,3
Puddick et al  2013,Toxina,água doce,3
Raveh and Carmeli 2008,Toxina,água doce,3
Vasas et al 2006,Toxina,água doce,3
Welker and Erhard 2007,Toxina,água doce,3
Azevedo et al 1994,Toxina,água doce,2
Brittain et al 2000,Toxina,água doce,2
Carneiro et al 2012,Toxina,água doce,2
Gunasekera et al 2008,Toxina,água doce,2
Harada et al 1990,Toxina,água doce,2
James et al 1998,Toxina,água doce,2
Laub et al 2002,Toxina,água doce,2
Mazur-Marzec et al 2013,Toxina,água doce,2
Namikoshi et al  1990,Toxina,água doce,2
Sano et al 1998,Toxina,água doce,2
Vegman and Carmeli 2013,Toxina,água doce,2
Bateman et al 1993,Toxina,água doce,1
Fewer et al 2013,Toxina,água doce,1
Gesner-Apter and Carmeli 2008,Toxina,água doce,1
He et al 2018,Toxina,água doce,1
KRISHNAMURTHY et al 1989,Toxina,água doce,1
Mermuoto et al 1989,Toxina,água doce,1
Neuman et al 1997,Toxina,água doce,1
Ploutno et al 2002,Toxina,água doce,1
SELWOOD et al 2007,Toxina,água doce,1
nan,Toxina,água doce,1
Grach-Pogrebinsky and Carmeli 2008,Toxina,água salgada,3
Suo et al 2020,Toxina,água salgada,3
Nagle et al 2001,Toxina,água salgada,1
Wu et al 2000,Toxina,água salgada,1
Shishido et al 2013,Toxina,água salobra,6
Fewer et al 2009,Toxina,água salobra,4
Fewer et al 2013,Toxina,água salobra,4
Beattie et al 1998,Toxina,água salobra,3
Liu et al 2015,Toxina,água salobra,3
Mazur-Marzec  et al 2016,Toxina,água salobra,2
Mazur-Marzec et al 2013,Toxina,água salobra,2
Gregson et al  1992,Toxina,água salobra,1
Matthiensen et al 2000,Toxina,água salobra,1
Admi et al 1996,Tóxico em equinoderma,Terrestre,1
Levert et al 2018,Tóxico em equinoderma,água salgada,3
Murakami et al 1991,Tóxico em equinoderma,água salgada,1
Kan et al 2000,Tóxico para lagostins,água salgada,2
Edwards et al 2004,Tóxico para peixes,água salgada,3
Graber and Gerwick 1998,Tóxico para peixes,água salgada,1
Nagle et al 2001,Tóxico para peixes,água salgada,1
Orjala et al 1995,Tóxico para peixes,água salgada,1
Tan et al 2000,Tóxico para peixes,água salgada,1
Todd and Gerwick 1995,Tóxico para peixes,água salgada,1
