autor,bioatividade,classe,Contagem
Kawaguchi et al 2020,Algicida,Acilamidos e Ácidos Graxos,1
Nagai et al 2019,Algicida,Compostos Aromáticos e Fenólicos,4
Nagai et al 2019,Algicida,Compostos Heterocíclicos,7
Iguchi et al 2021,Algicida,Compostos Miscelâneos e Diversos,2
Nagai et al 2019,Algicida,Compostos Miscelâneos e Diversos,2
Kawaguchi et al 2020,Algicida,Peptídeos e Lipopeptídeos,2
Kuranaga et al 2020,Algicida,Peptídeos e Lipopeptídeos,2
Ishida and Murakami 2000,Algicida,Peptídeos e Lipopeptídeos,1
Junttner et al  2000,Algicida,Peptídeos e Lipopeptídeos,1
Lee and Gleason 1994,Algicida,Peptídeos e Lipopeptídeos,1
Leão et al 2010,Algicida,Peptídeos e Lipopeptídeos,1
Nagai et al 2019,Algicida,Peptídeos e Lipopeptídeos,1
Pignatello et al 1983,Algicida,Peptídeos e Lipopeptídeos,1
Todorova et al  1995,Algicida,Peptídeos e Lipopeptídeos,1
Kawaguchi et al 2020,Algicida,Terpenoides e Esteroides,1
Petitbois et al 2017,Anti-incrustante,Compostos Heterocíclicos,2
Petitbois et al 2017,Anti-incrustante,Peptídeos e Lipopeptídeos,1
Engene et al 2011,Anti-inflamatório,Compostos Miscelâneos e Diversos,1
Choi et al 2012,Anti-inflamatório,Compostos Orgânicos Voláteis,1
Kapuscik et al 2013,Anti-inflamatório,Peptídeos e Lipopeptídeos,1
Malloy et al 2011,Anti-inflamatório,Peptídeos e Lipopeptídeos,1
Prinsep and Thomson 1996,Anti-inflamatório,Terpenoides e Esteroides,1
Kwan et al 2010,Antibacteriano,Acilamidos e Ácidos Graxos,1
Kwan et al 2011,Antibacteriano,Acilamidos e Ácidos Graxos,1
Maneechote et al 2017,Antibacteriano,Acilamidos e Ácidos Graxos,1
Carmeli et al 1990,Antibacteriano,Alcaloides,6
Adiv et al 2012,Antibacteriano,Alcaloides,1
Volk et al 2009,Antibacteriano,Alcaloides,1
Sturdy et al 2010,Antibacteriano,Compostos Aromáticos e Fenólicos,1
Bui et al 2007,Antibacteriano,Compostos Heterocíclicos,3
Luesh et al 2002,Antibacteriano,Compostos Heterocíclicos,2
Muller et al 2006,Antibacteriano,Compostos Heterocíclicos,2
Ahamed et al 2017,Antibacteriano,Compostos Miscelâneos e Diversos,1
Choi et al 2010,Antibacteriano,Compostos Miscelâneos e Diversos,1
Liang et al 2019,Antibacteriano,Compostos Miscelâneos e Diversos,1
Choi et al 2012,Antibacteriano,Compostos Orgânicos Voláteis,1
Jaki et al 2000,Antibacteriano,Compostos aromáticos e fenólicos,3
Kossack et al 2020,Antibacteriano,Compostos aromáticos e fenólicos,3
Cabanillas et al 2018,Antibacteriano,Compostos cíclicos especializados,2
Preisitsch et al 2016,Antibacteriano,Compostos heterocíclicos,20
Preisitsch et al 2015,Antibacteriano,Compostos heterocíclicos,3
Luo et al 2014,Antibacteriano,Compostos heterocíclicos,1
Moore et al 1992,Antibacteriano,Compostos heterocíclicos,1
Pluotno & Carmeli 2000,Antibacteriano,Compostos heterocíclicos,1
Gutiérrez et al 2008,Antibacteriano,Derivados Isoprenoides e Carotenoides,1
Mo et al 2009,Antibacteriano,Derivados Isoprenoides e Carotenoides,1
Bagchi 1995,Antibacteriano,Lactonas,1
Cardelina and Moore 1979,Antibacteriano,Lactonas,1
Oku et al 2017,Antibacteriano,Lactonas,1
Tripathi et al 2010,Antibacteriano,Macrolídeos e Polícetídeos,2
Phyo et al 2021,Antibacteriano,Macrolídeos e Polícetídeos,1
Montaser et al 2011,Antibacteriano,Peptídeos e Lipopeptídeos,3
Phyo et al 2021,Antibacteriano,Peptídeos e Lipopeptídeos,3
Luesch et al 2001,Antibacteriano,Peptídeos e Lipopeptídeos,2
Zainuddin et al 2009,Antibacteriano,Peptídeos e Lipopeptídeos,2
Ishida et al 1997,Antibacteriano,Peptídeos e Lipopeptídeos,1
Kaya et al 2002,Antibacteriano,Peptídeos e Lipopeptídeos,1
Levert et al 2018,Antibacteriano,Peptídeos e Lipopeptídeos,1
Martins et al  2018,Antibacteriano,Peptídeos e Lipopeptídeos,1
Matern et al 2003,Antibacteriano,Peptídeos e Lipopeptídeos,1
Pergant and Carmeli 1994,Antibacteriano,Peptídeos e Lipopeptídeos,1
Pignatello et al 1983,Antibacteriano,Peptídeos e Lipopeptídeos,1
Todorova et al  1995,Antibacteriano,Peptídeos e Lipopeptídeos,1
Gutiérrez et al 2008,Antibacteriano,Terpenoides e Esteroides,1
Costa et al 2016,Antibacteriano,Terpenoides e esteroides,2
Brumley et al 2018,Antibiótico,Compostos Aromáticos e Fenólicos,3
Han et al 2003,Anticrustáceo,Acilamidos e Ácidos Graxos,7
Tan et al 2008,Anticrustáceo,Acilamidos e Ácidos Graxos,2
Milligan et al 2000,Anticrustáceo,Acilamidos e Ácidos Graxos,1
Todd and Gerwick 1995,Anticrustáceo,Acilamidos e Ácidos Graxos,1
Akamatsu et al 2022,Anticrustáceo,Alcaloides,2
Jiang et al  2014,Anticrustáceo,Alcaloides,2
Sitachitta and  Gerwic 1998,Anticrustáceo,Compostos Miscelâneos e Diversos,1
Singh et al 1999,Anticrustáceo,Lactonas,1
D'Agostino et al 2018,Anticrustáceo,Peptídeos e Lipopeptídeos,37
Williamson et al 2004,Anticrustáceo,Peptídeos e Lipopeptídeos,3
Bingnan et al 2011,Anticrustáceo,Peptídeos e Lipopeptídeos,2
Portmann et al 2008,Anticrustáceo,Peptídeos e Lipopeptídeos,2
Sitachitta et al 2000,Anticrustáceo,Peptídeos e Lipopeptídeos,2
Blom et al 2003,Anticrustáceo,Peptídeos e Lipopeptídeos,1
Graber and Gerwick 1998,Anticrustáceo,Peptídeos e Lipopeptídeos,1
Kohler et al 2014,Anticrustáceo,Peptídeos e Lipopeptídeos,1
Milligan et al 2000,Anticrustáceo,Peptídeos e Lipopeptídeos,1
Rohlack et al 2003,Anticrustáceo,Peptídeos e Lipopeptídeos,1
Sieber et al 2020,Anticrustáceo,Peptídeos e Lipopeptídeos,1
Tan et al 2000,Anticrustáceo,Terpenoides e Esteroides,2
Sonjoukhan et al 1991,Antifúngico,Compostos Heterocíclicos,1
Singh et al 1999,Antifúngico,Lactonas,1
Heinilä et al  2021,Antifúngico,Macrolídeos e Polícetídeos,8
Heinilä et al  2020,Antifúngico,Macrolídeos e Polícetídeos,6
Bertin et al 2016,Antifúngico,Macrolídeos e Polícetídeos,2
Carmeli et al 1990,Antifúngico,Macrolídeos e Polícetídeos,1
MARQUEZ et al 2002,Antifúngico,Macrolídeos e Polícetídeos,1
Shishido et al  2015,Antifúngico,Macrolídeos e Polícetídeos,1
Shishido et al  2015,Antifúngico,Nucleosídeos e Açúcares,4
Brilisauer et al 2019,Antifúngico,Nucleosídeos e Açúcares,1
Bui et al 2014,Antifúngico,Peptídeos e Lipopeptídeos,4
Cheel et al 2018,Antifúngico,Peptídeos e Lipopeptídeos,3
Jaki et al 2001,Antifúngico,Peptídeos e Lipopeptídeos,2
MacMillan et al 2002,Antifúngico,Peptídeos e Lipopeptídeos,2
Meickle et al 2009,Antifúngico,Peptídeos e Lipopeptídeos,2
Carter et al 1984,Antifúngico,Peptídeos e Lipopeptídeos,1
Kajiyama et al 1998,Antifúngico,Peptídeos e Lipopeptídeos,1
Keller et al 2020,Antifúngico,Peptídeos e Lipopeptídeos,1
Milligan et al 2000,Antifúngico,Peptídeos e Lipopeptídeos,1
Moon et al 1992,Antifúngico,Peptídeos e Lipopeptídeos,1
Neuhof et al 2005,Antifúngico,Peptídeos e Lipopeptídeos,1
Neuhof et al 2006,Antifúngico,Peptídeos e Lipopeptídeos,1
Pancrace et al 2017,Antifúngico,Peptídeos e Lipopeptídeos,1
Pergant and Carmeli 1994,Antifúngico,Peptídeos e Lipopeptídeos,1
Shishido et al  2015,Antifúngico,Peptídeos e Lipopeptídeos,1
NINOMIYA et al 2011,Antioxidante,Compostos Aromáticos e Fenólicos,1
NINOMIYA et al 2011,Antioxidante,Compostos aromáticos e fenólicos,1
Ishihara et al  2017,Antioxidante,MAAs,1
Zhang et al 2006,Antioxidante,MAAs,1
Costa et al 2019,Antiparasitários,Compostos Aromáticos e Fenólicos,1
Rickards et al 1999,Antiparasitários,Compostos Heterocíclicos,2
Sweeney-Jones et al 2020,Antiparasitários,Compostos Heterocíclicos,1
Sweeney-Jones et al 2020,Antiparasitários,Compostos Miscelâneos e Diversos,2
PAPENDORF et al 1998,Antiparasitários,Compostos heterocíclicos,1
Gutiérrez et al 2010,Antiparasitários,Lactonas,1
Balunas et al 2012,Antiparasitários,Macrolídeos e Polícetídeos,4
Tripathi et al 2010,Antiparasitários,Macrolídeos e Polícetídeos,2
Linington et al 2009,Antiparasitários,Macrolídeos e Polícetídeos,1
Shao et al 2015,Antiparasitários,Macrolídeos e Polícetídeos,1
Shao et al 2018,Antiparasitários,Macrolídeos e Polícetídeos,1
Almaliti et al 2017,Antiparasitários,Peptídeos e Lipopeptídeos,4
Balunas et al 2010,Antiparasitários,Peptídeos e Lipopeptídeos,3
McPhail et al 2007,Antiparasitários,Peptídeos e Lipopeptídeos,3
Iwasaki et al 2018,Antiparasitários,Peptídeos e Lipopeptídeos,2
Linington et al 2007,Antiparasitários,Peptídeos e Lipopeptídeos,2
Sweeney-Jones et al 2020,Antiparasitários,Peptídeos e Lipopeptídeos,2
Vininget al 2015,Antiparasitários,Peptídeos e Lipopeptídeos,2
Iwasaki et al 2020,Antiparasitários,Peptídeos e Lipopeptídeos,1
Kurisawa et al 2017,Antiparasitários,Peptídeos e Lipopeptídeos,1
Linington et al 2008,Antiparasitários,Peptídeos e Lipopeptídeos,1
Ogawa et al 2016,Antiparasitários,Peptídeos e Lipopeptídeos,1
Ogawa et al 2017,Antiparasitários,Peptídeos e Lipopeptídeos,1
Ozaki et al 2019,Antiparasitários,Peptídeos e Lipopeptídeos,1
Tripathi et al 2011,Antiparasitários,Peptídeos e Lipopeptídeos,1
Gross et al 2010,Antitumoral e Citotóxico,Acilamidos e Ácidos Graxos,5
Jiménez et al 2009,Antitumoral e Citotóxico,Acilamidos e Ácidos Graxos,2
Youssef et al 2016,Antitumoral e Citotóxico,Acilamidos e Ácidos Graxos,2
Figueredo et al 2021,Antitumoral e Citotóxico,Acilamidos e Ácidos Graxos,1
Kawaguchi et al 2020,Antitumoral e Citotóxico,Acilamidos e Ácidos Graxos,1
Kwan et al 2010,Antitumoral e Citotóxico,Acilamidos e Ácidos Graxos,1
Shaala et al 2013,Antitumoral e Citotóxico,Acilamidos e Ácidos Graxos,1
Iwasaki et al 2018,Antitumoral e Citotóxico,Acilamidos e ácidos graxos,1
Carmeli et al 1990,Antitumoral e Citotóxico,Alcaloides,10
Boudreau et al 2015,Antitumoral e Citotóxico,Alcaloides,3
Carmeli et al 1991,Antitumoral e Citotóxico,Alcaloides,3
Edwards et al 2004,Antitumoral e Citotóxico,Alcaloides,3
Han et al 2006,Antitumoral e Citotóxico,Alcaloides,2
Jiang et al  2014,Antitumoral e Citotóxico,Alcaloides,2
Okamoto et al  2015,Antitumoral e Citotóxico,Alcaloides,2
Hemscheidt et al 1994,Antitumoral e Citotóxico,Alcaloides,1
Horgen et al 2002,Antitumoral e Citotóxico,Alcaloides,1
Malloy et al 2012,Antitumoral e Citotóxico,Alcaloides,1
Stratmann et al  1994,Antitumoral e Citotóxico,Alcaloides,1
Taori et al  2008,Antitumoral e Citotóxico,Alcaloides,1
Youssef et al 2014,Antitumoral e Citotóxico,Alcaloides,1
Nagai et al 2019,Antitumoral e Citotóxico,Compostos Aromáticos e Fenólicos,2
Nagai et al 2019,Antitumoral e Citotóxico,Compostos Heterocíclicos,6
Han et al 2005,Antitumoral e Citotóxico,Compostos Heterocíclicos,5
Nagle and Gerwick 1995,Antitumoral e Citotóxico,Compostos Heterocíclicos,4
Bui et al 2007,Antitumoral e Citotóxico,Compostos Heterocíclicos,3
Rickards et al 1999,Antitumoral e Citotóxico,Compostos Heterocíclicos,2
Via et al 2018,Antitumoral e Citotóxico,Compostos Heterocíclicos,2
Gunasekera et al 2016,Antitumoral e Citotóxico,Compostos Heterocíclicos,1
Luesch et al 2002,Antitumoral e Citotóxico,Compostos Heterocíclicos,1
Petitbois et al 2017,Antitumoral e Citotóxico,Compostos Heterocíclicos,1
Simmons et al 2006,Antitumoral e Citotóxico,Compostos Heterocíclicos,1
Voračova et al 2017,Antitumoral e Citotóxico,Compostos Heterocíclicos,1
Williams et al 2003,Antitumoral e Citotóxico,Compostos Heterocíclicos,1
Watanabe et al 2015,Antitumoral e Citotóxico,Compostos Miscelâneos e Diversos,3
Iguchi et al 2021,Antitumoral e Citotóxico,Compostos Miscelâneos e Diversos,2
Luesch et al 2002,Antitumoral e Citotóxico,Compostos Miscelâneos e Diversos,1
Morita et al 2012,Antitumoral e Citotóxico,Compostos Miscelâneos e Diversos,1
Nagai et al 2019,Antitumoral e Citotóxico,Compostos Miscelâneos e Diversos,1
Sitachitta and  Gerwic 1998,Antitumoral e Citotóxico,Compostos Miscelâneos e Diversos,1
Sumimoto et al 2016,Antitumoral e Citotóxico,Compostos Miscelâneos e Diversos,1
Thornburg et al 2013,Antitumoral e Citotóxico,Compostos Miscelâneos e Diversos,1
Kossack et al 2020,Antitumoral e Citotóxico,Compostos aromáticos e fenólicos,3
Pérez et al 2020,Antitumoral e Citotóxico,Compostos heterocíclicos,4
Preisitsch et al 2015,Antitumoral e Citotóxico,Compostos heterocíclicos,3
Kang et al 2012,Antitumoral e Citotóxico,Compostos heterocíclicos,2
Luo et al 2014,Antitumoral e Citotóxico,Compostos heterocíclicos,2
Moore et al 1990,Antitumoral e Citotóxico,Compostos heterocíclicos,2
Jaki et al 2000,Antitumoral e Citotóxico,Compostos heterocíclicos,1
Trimurtulu et al 1994,Antitumoral e Citotóxico,Lactonas,7
Yang et al 1993,Antitumoral e Citotóxico,Lactonas,2
Gutiérrez et al  2009,Antitumoral e Citotóxico,Lactonas,1
Gutiérrez et al 2010,Antitumoral e Citotóxico,Lactonas,1
Paik et al 1994,Antitumoral e Citotóxico,Lactonas,1
Tao et al 2018,Antitumoral e Citotóxico,Macrolídeos e Polícetídeos,9
Carmeli et al 1990,Antitumoral e Citotóxico,Macrolídeos e Polícetídeos,7
Bertin et al  2018,Antitumoral e Citotóxico,Macrolídeos e Polícetídeos,5
Cui et al 2017,Antitumoral e Citotóxico,Macrolídeos e Polícetídeos,4
Bornacin et al 2019,Antitumoral e Citotóxico,Macrolídeos e Polícetídeos,3
Barchi jr. et al 1984,Antitumoral e Citotóxico,Macrolídeos e Polícetídeos,2
Bertin et al 2016,Antitumoral e Citotóxico,Macrolídeos e Polícetídeos,2
Kwan et al 2010,Antitumoral e Citotóxico,Macrolídeos e Polícetídeos,2
Pereira et al  2012,Antitumoral e Citotóxico,Macrolídeos e Polícetídeos,2
Phyo et al 2021,Antitumoral e Citotóxico,Macrolídeos e Polícetídeos,2
Salvador-Reyes et al 2015,Antitumoral e Citotóxico,Macrolídeos e Polícetídeos,2
Sulivan et al 2020,Antitumoral e Citotóxico,Macrolídeos e Polícetídeos,2
Belise et al 2017,Antitumoral e Citotóxico,Macrolídeos e Polícetídeos,1
Bertin et al 2017,Antitumoral e Citotóxico,Macrolídeos e Polícetídeos,1
Gunasekera et al 2016,Antitumoral e Citotóxico,Macrolídeos e Polícetídeos,1
May et al 2018,Antitumoral e Citotóxico,Macrolídeos e Polícetídeos,1
Ohno et al 2022,Antitumoral e Citotóxico,Macrolídeos e Polícetídeos,1
Salvador et al 2010,Antitumoral e Citotóxico,Macrolídeos e Polícetídeos,1
Tan et al 2002,Antitumoral e Citotóxico,Macrolídeos e Polícetídeos,1
Tan et al 2013,Antitumoral e Citotóxico,Macrolídeos e Polícetídeos,1
Tripathi et al 2010,Antitumoral e Citotóxico,Macrolídeos e Polícetídeos,1
William et al 2003,Antitumoral e Citotóxico,Macrolídeos e Polícetídeos,1
Williams et al 2004,Antitumoral e Citotóxico,Macrolídeos e Polícetídeos,1
Youssef et al 2016,Antitumoral e Citotóxico,Nucleosídeos e Açúcares,3
Yu et al 2019,Antitumoral e Citotóxico,Peptídeos e Lipopeptídeos,15
Salvador et al 2011,Antitumoral e Citotóxico,Peptídeos e Lipopeptídeos,9
Kang et al 2012,Antitumoral e Citotóxico,Peptídeos e Lipopeptídeos,8
Harrigan et al  1998,Antitumoral e Citotóxico,Peptídeos e Lipopeptídeos,6
McManus et al 2020,Antitumoral e Citotóxico,Peptídeos e Lipopeptídeos,5
Kang et al 2011,Antitumoral e Citotóxico,Peptídeos e Lipopeptídeos,4
Liu et al 2014,Antitumoral e Citotóxico,Peptídeos e Lipopeptídeos,4
Cai et al 2016,Antitumoral e Citotóxico,Peptídeos e Lipopeptídeos,3
He et al 2018,Antitumoral e Citotóxico,Peptídeos e Lipopeptídeos,3
Iwasaki et al 2014,Antitumoral e Citotóxico,Peptídeos e Lipopeptídeos,3
Phyo et al 2021,Antitumoral e Citotóxico,Peptídeos e Lipopeptídeos,3
Schumacher et al 2012,Antitumoral e Citotóxico,Peptídeos e Lipopeptídeos,3
Tripathi et al 2010,Antitumoral e Citotóxico,Peptídeos e Lipopeptídeos,3
Bonnard et al 2007,Antitumoral e Citotóxico,Peptídeos e Lipopeptídeos,2
Brumley et al 2020,Antitumoral e Citotóxico,Peptídeos e Lipopeptídeos,2
Han et al 2005,Antitumoral e Citotóxico,Peptídeos e Lipopeptídeos,2
Hrouzek et al 2012,Antitumoral e Citotóxico,Peptídeos e Lipopeptídeos,2
Jiménez et al 2009,Antitumoral e Citotóxico,Peptídeos e Lipopeptídeos,2
Kawaguchi et al 2020,Antitumoral e Citotóxico,Peptídeos e Lipopeptídeos,2
Kim et al 2021,Antitumoral e Citotóxico,Peptídeos e Lipopeptídeos,2
Levert et al 2018,Antitumoral e Citotóxico,Peptídeos e Lipopeptídeos,2
Luesch et al 1999,Antitumoral e Citotóxico,Peptídeos e Lipopeptídeos,2
Luesch et al 2001,Antitumoral e Citotóxico,Peptídeos e Lipopeptídeos,2
Luesch et al 2002,Antitumoral e Citotóxico,Peptídeos e Lipopeptídeos,2
Luo et al 2015,Antitumoral e Citotóxico,Peptídeos e Lipopeptídeos,2
Mehner et al 2008,Antitumoral e Citotóxico,Peptídeos e Lipopeptídeos,2
Morita et al 2012,Antitumoral e Citotóxico,Peptídeos e Lipopeptídeos,2
Saha et al 2020,Antitumoral e Citotóxico,Peptídeos e Lipopeptídeos,2
Thornburg et al 2011,Antitumoral e Citotóxico,Peptídeos e Lipopeptídeos,2
Tomek et al 2015,Antitumoral e Citotóxico,Peptídeos e Lipopeptídeos,2
William et al 2003,Antitumoral e Citotóxico,Peptídeos e Lipopeptídeos,2
Youssef et al 2014,Antitumoral e Citotóxico,Peptídeos e Lipopeptídeos,2
Al‐Awadhi et al 2018,Antitumoral e Citotóxico,Peptídeos e Lipopeptídeos,1
Andrianasolo et al 2009,Antitumoral e Citotóxico,Peptídeos e Lipopeptídeos,1
Bingnan et al 2011,Antitumoral e Citotóxico,Peptídeos e Lipopeptídeos,1
Boudreau et al 2012,Antitumoral e Citotóxico,Peptídeos e Lipopeptídeos,1
Cai et al 2018,Antitumoral e Citotóxico,Peptídeos e Lipopeptídeos,1
Demirkiran et al 2021,Antitumoral e Citotóxico,Peptídeos e Lipopeptídeos,1
Fujii et al 1999,Antitumoral e Citotóxico,Peptídeos e Lipopeptídeos,1
Gunasekera et al 2016,Antitumoral e Citotóxico,Peptídeos e Lipopeptídeos,1
Gutierrez et al 2008,Antitumoral e Citotóxico,Peptídeos e Lipopeptídeos,1
Horgen et al 2002,Antitumoral e Citotóxico,Peptídeos e Lipopeptídeos,1
Ishida et al 2000,Antitumoral e Citotóxico,Peptídeos e Lipopeptídeos,1
Iwasaki et al 2015,Antitumoral e Citotóxico,Peptídeos e Lipopeptídeos,1
Iwasaki et al 2017,Antitumoral e Citotóxico,Peptídeos e Lipopeptídeos,1
Kanamori et al 2016,Antitumoral e Citotóxico,Peptídeos e Lipopeptídeos,1
Keller et al 2020,Antitumoral e Citotóxico,Peptídeos e Lipopeptídeos,1
Kurisawa et al 2017,Antitumoral e Citotóxico,Peptídeos e Lipopeptídeos,1
Linington et al 2008,Antitumoral e Citotóxico,Peptídeos e Lipopeptídeos,1
Lopez et al 2016,Antitumoral e Citotóxico,Peptídeos e Lipopeptídeos,1
Luo et al 2014,Antitumoral e Citotóxico,Peptídeos e Lipopeptídeos,1
MARQUEZ et al 1998,Antitumoral e Citotóxico,Peptídeos e Lipopeptídeos,1
Malloy et al 2011,Antitumoral e Citotóxico,Peptídeos e Lipopeptídeos,1
Medina et al 2008,Antitumoral e Citotóxico,Peptídeos e Lipopeptídeos,1
Meickle et al 2009,Antitumoral e Citotóxico,Peptídeos e Lipopeptídeos,1
Mevers et al 2011,Antitumoral e Citotóxico,Peptídeos e Lipopeptídeos,1
Nagai et al 2019,Antitumoral e Citotóxico,Peptídeos e Lipopeptídeos,1
Naman et al  2017,Antitumoral e Citotóxico,Peptídeos e Lipopeptídeos,1
Ozaki et al 2019,Antitumoral e Citotóxico,Peptídeos e Lipopeptídeos,1
Pancreace et al 2019,Antitumoral e Citotóxico,Peptídeos e Lipopeptídeos,1
Pereira et al  2009,Antitumoral e Citotóxico,Peptídeos e Lipopeptídeos,1
Phyo et al 2019,Antitumoral e Citotóxico,Peptídeos e Lipopeptídeos,1
Quinta et al 2014,Antitumoral e Citotóxico,Peptídeos e Lipopeptídeos,1
Sabry et al 2016,Antitumoral e Citotóxico,Peptídeos e Lipopeptídeos,1
Shaala et al 2013,Antitumoral e Citotóxico,Peptídeos e Lipopeptídeos,1
Simmons et al 2009,Antitumoral e Citotóxico,Peptídeos e Lipopeptídeos,1
Sueyoshi et al 2016,Antitumoral e Citotóxico,Peptídeos e Lipopeptídeos,1
Sumimoto et al 2019,Antitumoral e Citotóxico,Peptídeos e Lipopeptídeos,1
Taniguchi et al 2010,Antitumoral e Citotóxico,Peptídeos e Lipopeptídeos,1
Teruya et al  2009,Antitumoral e Citotóxico,Peptídeos e Lipopeptídeos,1
Tripathi et al 2009,Antitumoral e Citotóxico,Peptídeos e Lipopeptídeos,1
Tripathi et al 2011,Antitumoral e Citotóxico,Peptídeos e Lipopeptídeos,1
William et al 2002,Antitumoral e Citotóxico,Peptídeos e Lipopeptídeos,1
Williams et al 2002,Antitumoral e Citotóxico,Peptídeos e Lipopeptídeos,1
Williams et al 2003,Antitumoral e Citotóxico,Peptídeos e Lipopeptídeos,1
Williams et al 2004,Antitumoral e Citotóxico,Peptídeos e Lipopeptídeos,1
Zang et al 2017,Antitumoral e Citotóxico,Peptídeos e Lipopeptídeos,1
Zhang et al 1997,Antitumoral e Citotóxico,Peptídeos e Lipopeptídeos,1
Ziemert et al 2008,Antitumoral e Citotóxico,Peptídeos e Lipopeptídeos,1
Tan et al 2000,Antitumoral e Citotóxico,Terpenoides e Esteroides,2
Iwasaki et al 2017,Antitumoral e Citotóxico,Terpenoides e Esteroides,1
Kawaguchi et al 2020,Antitumoral e Citotóxico,Terpenoides e Esteroides,1
Larsen et al 1994,Antiviral,Alcaloides,3
Reshef et al 1997,Antiviral,Compostos Miscelâneos e Diversos,8
Gupta et al 2014,Antiviral,Peptídeos e Lipopeptídeos,2
Zainuddin et al 2007,Antiviral,Peptídeos e Lipopeptídeos,2
Bokesch et al 2003,Antiviral,Peptídeos e Lipopeptídeos,1
Bösch et al 2020,Antiviral,Peptídeos e Lipopeptídeos,1
Han et al 2003,BRMT,Acilamidos e Ácidos Graxos,1
Freitas et al 2019,BRMT,Derivados Isoprenoides e Carotenoides,2
Fidor et al 2020,BRMT,Peptídeos e Lipopeptídeos,9
Ozaki et al 2021,BRMT,Peptídeos e Lipopeptídeos,2
Liu et al 2014,BRMT,Peptídeos e Lipopeptídeos,1
Ogino et al 1996,BRMT,Peptídeos e Lipopeptídeos,1
Mehjabin et al 2020,Biosurfactante,Acilamidos e Ácidos Graxos,3
Kaya et al 2006,Biosurfactante,Compostos Miscelâneos e Diversos,1
Mevers et al 2014,Canabinomimético,Acilamidos e Ácidos Graxos,1
Gutierrez et al 2011,Canabinomimético,Compostos Miscelâneos e Diversos,1
Sitachitta and  Gerwic 1998,Canabinomimético,Compostos Miscelâneos e Diversos,1
MARQUEZ et al 2002,Disfunções e Alterações Celulares,Macrolídeos e Polícetídeos,1
Jokela et al 2012,Disfunções e Alterações Celulares,Peptídeos e Lipopeptídeos,2
Bokesch et al 2003,Disfunções e Alterações Celulares,Peptídeos e Lipopeptídeos,1
Luesch et al 2000,Disfunções e Alterações Celulares,Peptídeos e Lipopeptídeos,1
Gunasekera et al 2019,Doença em corais,Lactonas,2
Luesch et al 2001,Estimulador enzimático,Peptídeos e Lipopeptídeos,2
ENTZEROTH et al 1985,Herbicida/ alelopático,Acilamidos e Ácidos Graxos,1
Brilisauer et al 2019,Herbicida/ alelopático,Nucleosídeos e Açúcares,1
Pignatello et al 1983,Herbicida/ alelopático,Peptídeos e Lipopeptídeos,1
Nunnery et al 2012,Inibidor de canais iônicos,Acilamidos e Ácidos Graxos,3
Gross et al 2010,Inibidor de canais iônicos,Acilamidos e Ácidos Graxos,2
Naman et al  2017,Inibidor de canais iônicos,Acilamidos e Ácidos Graxos,2
Edwards et al 2004,Inibidor de canais iônicos,Alcaloides,3
Minowa et al 2019,Inibidor de canais iônicos,Alcaloides,2
Adams et al 2008,Inibidor de canais iônicos,Alcaloides,1
Shen et al 2021,Inibidor de canais iônicos,Compostos Heterocíclicos,3
Naman et al  2017,Inibidor de canais iônicos,Compostos Heterocíclicos,1
Tang et al 2019,Inibidor de canais iônicos,Compostos Heterocíclicos,1
Engene et al 2011,Inibidor de canais iônicos,Compostos Miscelâneos e Diversos,1
Tang et al 2019,Inibidor de canais iônicos,Compostos Miscelâneos e Diversos,1
Kurisawa et  al 2022,Inibidor de canais iônicos,Nucleosídeos e açúcares,1
Fang et al 2019,Inibidor de canais iônicos,Peptídeos e Lipopeptídeos,2
Han et al 2018,Inibidor de canais iônicos,Peptídeos e Lipopeptídeos,2
Malloy et al 2012,Inibidor de canais iônicos,Peptídeos e Lipopeptídeos,2
Audoin et al 2014,Inibidor de canais iônicos,Peptídeos e Lipopeptídeos,1
Helms et al 1988,Inibidor de canais iônicos,Peptídeos e Lipopeptídeos,1
Pereira et al  2009,Inibidor de canais iônicos,Peptídeos e Lipopeptídeos,1
Pereira et al 2010,Inibidor de canais iônicos,Peptídeos e Lipopeptídeos,1
Taniguchi et al 2010,Inibidor de canais iônicos,Peptídeos e Lipopeptídeos,1
Becher et al 2005,Inibidor proteico/ enzimático,Alcaloides,1
Matsunaga et al 1989,Inibidor proteico/ enzimático,Alcaloides,1
Gerwick et al 1986,Inibidor proteico/ enzimático,Compostos Aromáticos e Fenólicos,1
Prasanth et al 2017,Inibidor proteico/ enzimático,Compostos Aromáticos e Fenólicos,1
Zelík et al 2010,Inibidor proteico/ enzimático,Compostos Aromáticos e Fenólicos,1
Hanessian et al 2004,Inibidor proteico/ enzimático,Compostos Heterocíclicos,1
Sano and Kaya 1996,Inibidor proteico/ enzimático,Compostos Heterocíclicos,1
Matsuda et al 1996,Inibidor proteico/ enzimático,Compostos Miscelâneos e Diversos,1
Pavlik et al 2013,Inibidor proteico/ enzimático,Compostos Miscelâneos e Diversos,1
Kossack et al 2020,Inibidor proteico/ enzimático,Compostos aromáticos e fenólicos,2
Mazur-Marzec et al 2018,Inibidor proteico/ enzimático,Compostos cíclicos especializados,7
Chlipala et al 2010,Inibidor proteico/ enzimático,Compostos heterocíclicos,10
Kaya et al 1996,Inibidor proteico/ enzimático,Compostos heterocíclicos,1
Kossack et al 2020,Inibidor proteico/ enzimático,Lactonas,1
Matthew et al 2010,Inibidor proteico/ enzimático,Macrolídeos e Polícetídeos,2
Pereira et al  2012,Inibidor proteico/ enzimático,Macrolídeos e Polícetídeos,2
Pluotno & Carmeli 2005,Inibidor proteico/ enzimático,Macrolídeos e Polícetídeos,2
Al-Awadhi et al 2016,Inibidor proteico/ enzimático,Macrolídeos e Polícetídeos,1
Ueoka et al 2015,Inibidor proteico/ enzimático,Macrolídeos e Polícetídeos,1
Thammana et al 2006,Inibidor proteico/ enzimático,Nucleosídeos e Açúcares,1
Schreuder et al 2016,Inibidor proteico/ enzimático,Peptídeos e Lipopeptídeos,20
Ishida et al 1998,Inibidor proteico/ enzimático,Peptídeos e Lipopeptídeos,10
Lodin-Friedman and Carmeli 2018,Inibidor proteico/ enzimático,Peptídeos e Lipopeptídeos,9
Reshef and Carmeli 2001,Inibidor proteico/ enzimático,Peptídeos e Lipopeptídeos,7
Vegman and Carmeli 2013,Inibidor proteico/ enzimático,Peptídeos e Lipopeptídeos,7
Adiv et al 2010,Inibidor proteico/ enzimático,Peptídeos e Lipopeptídeos,6
Itou et al 1995,Inibidor proteico/ enzimático,Peptídeos e Lipopeptídeos,6
Liu et al 2014,Inibidor proteico/ enzimático,Peptídeos e Lipopeptídeos,6
Gallegos et al 2018,Inibidor proteico/ enzimático,Peptídeos e Lipopeptídeos,5
Ishida et al 2000,Inibidor proteico/ enzimático,Peptídeos e Lipopeptídeos,5
Al‐Awadhi et al 2018,Inibidor proteico/ enzimático,Peptídeos e Lipopeptídeos,4
Bladt et al 2014,Inibidor proteico/ enzimático,Peptídeos e Lipopeptídeos,4
Kisugi and Okino 2009,Inibidor proteico/ enzimático,Peptídeos e Lipopeptídeos,4
Lifshits et al 2011,Inibidor proteico/ enzimático,Peptídeos e Lipopeptídeos,4
Lodin-Friedman and Carmeli 2013,Inibidor proteico/ enzimático,Peptídeos e Lipopeptídeos,4
Plaza and Bewley 2006,Inibidor proteico/ enzimático,Peptídeos e Lipopeptídeos,4
Taori et al  2007,Inibidor proteico/ enzimático,Peptídeos e Lipopeptídeos,4
Banker & Carmeli 1999,Inibidor proteico/ enzimático,Peptídeos e Lipopeptídeos,3
Grach-Pogrebinsky et al 2003,Inibidor proteico/ enzimático,Peptídeos e Lipopeptídeos,3
Jokela et al 2017,Inibidor proteico/ enzimático,Peptídeos e Lipopeptídeos,3
Kwan et al 2009,Inibidor proteico/ enzimático,Peptídeos e Lipopeptídeos,3
Matthew et al 2009,Inibidor proteico/ enzimático,Peptídeos e Lipopeptídeos,3
Murakami et al 1997,Inibidor proteico/ enzimático,Peptídeos e Lipopeptídeos,3
Niedermeyer et al 2014,Inibidor proteico/ enzimático,Peptídeos e Lipopeptídeos,3
Okino et al 1993,Inibidor proteico/ enzimático,Peptídeos e Lipopeptídeos,3
Sano et al 2001,Inibidor proteico/ enzimático,Peptídeos e Lipopeptídeos,3
Shin et al 1996,Inibidor proteico/ enzimático,Peptídeos e Lipopeptídeos,3
Anas et al 2012,Inibidor proteico/ enzimático,Peptídeos e Lipopeptídeos,2
Gatte-Picchi et al 2014,Inibidor proteico/ enzimático,Peptídeos e Lipopeptídeos,2
Heinilä et al  2022,Inibidor proteico/ enzimático,Peptídeos e Lipopeptídeos,2
Ishida et al 1997,Inibidor proteico/ enzimático,Peptídeos e Lipopeptídeos,2
Itou et al 1999,Inibidor proteico/ enzimático,Peptídeos e Lipopeptídeos,2
Iwasaki et al 2014,Inibidor proteico/ enzimático,Peptídeos e Lipopeptídeos,2
Kodani et al 1998,Inibidor proteico/ enzimático,Peptídeos e Lipopeptídeos,2
Krunic et al 2010,Inibidor proteico/ enzimático,Peptídeos e Lipopeptídeos,2
Matern et al 2001,Inibidor proteico/ enzimático,Peptídeos e Lipopeptídeos,2
Matsuda et al 1996,Inibidor proteico/ enzimático,Peptídeos e Lipopeptídeos,2
Matthew et al 2007,Inibidor proteico/ enzimático,Peptídeos e Lipopeptídeos,2
Murakami et al  2000,Inibidor proteico/ enzimático,Peptídeos e Lipopeptídeos,2
Murakami et al 1995,Inibidor proteico/ enzimático,Peptídeos e Lipopeptídeos,2
Okino et al 1995,Inibidor proteico/ enzimático,Peptídeos e Lipopeptídeos,2
Okino et al 1997,Inibidor proteico/ enzimático,Peptídeos e Lipopeptídeos,2
Rubio et al 2010,Inibidor proteico/ enzimático,Peptídeos e Lipopeptídeos,2
Sano et al 2005,Inibidor proteico/ enzimático,Peptídeos e Lipopeptídeos,2
Sanz et al 2017,Inibidor proteico/ enzimático,Peptídeos e Lipopeptídeos,2
Taori et al  2008,Inibidor proteico/ enzimático,Peptídeos e Lipopeptídeos,2
Yakami et al  2005,Inibidor proteico/ enzimático,Peptídeos e Lipopeptídeos,2
Zi et al 2012,Inibidor proteico/ enzimático,Peptídeos e Lipopeptídeos,2
shin et al 1997,Inibidor proteico/ enzimático,Peptídeos e Lipopeptídeos,2
Al-Awadhi et al 2017,Inibidor proteico/ enzimático,Peptídeos e Lipopeptídeos,1
Baumann et al 2007,Inibidor proteico/ enzimático,Peptídeos e Lipopeptídeos,1
Beattie et al 2000,Inibidor proteico/ enzimático,Peptídeos e Lipopeptídeos,1
Bister et al 2004,Inibidor proteico/ enzimático,Peptídeos e Lipopeptídeos,1
Choi et al 2008,Inibidor proteico/ enzimático,Peptídeos e Lipopeptídeos,1
Gademann et al 2010,Inibidor proteico/ enzimático,Peptídeos e Lipopeptídeos,1
Gunasekera et al 2010,Inibidor proteico/ enzimático,Peptídeos e Lipopeptídeos,1
Ishida et al 1995,Inibidor proteico/ enzimático,Peptídeos e Lipopeptídeos,1
Jakobi et al 1995,Inibidor proteico/ enzimático,Peptídeos e Lipopeptídeos,1
Kanamori et al 2016,Inibidor proteico/ enzimático,Peptídeos e Lipopeptídeos,1
Kang et al 2012,Inibidor proteico/ enzimático,Peptídeos e Lipopeptídeos,1
Laub et al 2002,Inibidor proteico/ enzimático,Peptídeos e Lipopeptídeos,1
Linington et al 2008,Inibidor proteico/ enzimático,Peptídeos e Lipopeptídeos,1
Liu et al 2015,Inibidor proteico/ enzimático,Peptídeos e Lipopeptídeos,1
Matthew et al 2008,Inibidor proteico/ enzimático,Peptídeos e Lipopeptídeos,1
Mazur-Marzec et al 2018,Inibidor proteico/ enzimático,Peptídeos e Lipopeptídeos,1
Molinski et al 2012,Inibidor proteico/ enzimático,Peptídeos e Lipopeptídeos,1
Murakami et al 1994,Inibidor proteico/ enzimático,Peptídeos e Lipopeptídeos,1
Ozaki et al 2019,Inibidor proteico/ enzimático,Peptídeos e Lipopeptídeos,1
Phan et al 2022,Inibidor proteico/ enzimático,Peptídeos e Lipopeptídeos,1
Philmus et al 2008,Inibidor proteico/ enzimático,Peptídeos e Lipopeptídeos,1
Reshef and Carmeli 2002,Inibidor proteico/ enzimático,Peptídeos e Lipopeptídeos,1
Rohlack et al 2003,Inibidor proteico/ enzimático,Peptídeos e Lipopeptídeos,1
Sano and Kaya 1995,Inibidor proteico/ enzimático,Peptídeos e Lipopeptídeos,1
Sano and Kaya 1996,Inibidor proteico/ enzimático,Peptídeos e Lipopeptídeos,1
Sasaki et al 2011,Inibidor proteico/ enzimático,Peptídeos e Lipopeptídeos,1
Shin et al 1997,Inibidor proteico/ enzimático,Peptídeos e Lipopeptídeos,1
Sieber et al 2020,Inibidor proteico/ enzimático,Peptídeos e Lipopeptídeos,1
Spoof et al  2016,Inibidor proteico/ enzimático,Peptídeos e Lipopeptídeos,1
Stewart et al 2018,Inibidor proteico/ enzimático,Peptídeos e Lipopeptídeos,1
Strangman et al 2018,Inibidor proteico/ enzimático,Peptídeos e Lipopeptídeos,1
Sulivan et al 2021,Inibidor proteico/ enzimático,Peptídeos e Lipopeptídeos,1
shin et al 1995,Inibidor proteico/ enzimático,Peptídeos e Lipopeptídeos,1
Iwasaki et al 2017,Inibidor proteico/ enzimático,Terpenoides e Esteroides,3
Nagle et al 2000,Metabólicos e Reguladores Celulares,Acilamidos e Ácidos Graxos,1
Sueyoshi et al 2017,Metabólicos e Reguladores Celulares,Acilamidos e Ácidos Graxos,1
Inuzuka et al 2014,Metabólicos e Reguladores Celulares,Compostos Miscelâneos e Diversos,1
Popplewell et al 2011,Metabólicos e Reguladores Celulares,Macrolídeos e Polícetídeos,2
Shiota et al 2018,Metabólicos e Reguladores Celulares,Macrolídeos e Polícetídeos,1
Williamson et al 2002,Metabólicos e Reguladores Celulares,Macrolídeos e Polícetídeos,1
Sueyoshi et al 2018,Metabólicos e Reguladores Celulares,Peptídeos e Lipopeptídeos,2
Yamano et al 2021,Metabólicos e Reguladores Celulares,Peptídeos e Lipopeptídeos,2
Cai et al 2017,Metabólicos e Reguladores Celulares,Peptídeos e Lipopeptídeos,1
Iwasaki et al 2021,Metabólicos e Reguladores Celulares,Peptídeos e Lipopeptídeos,1
Nagle et al 1996,Metabólicos e Reguladores Celulares,Peptídeos e Lipopeptídeos,1
Nakamura et al 2018,Metabólicos e Reguladores Celulares,Peptídeos e Lipopeptídeos,1
Ozaki et al 2019,Metabólicos e Reguladores Celulares,Peptídeos e Lipopeptídeos,1
Tsukamoto et al  1993,Metabólicos e Reguladores Celulares,Peptídeos e Lipopeptídeos,1
Orjala and Gerwick 1996,Moluscicida,Alcaloides,1
Sitachitta et al 2000,Moluscicida,Compostos Heterocíclicos,1
Pereira et al 2011,Moluscicida,Compostos heterocíclicos,2
Jaki et al 2000,Moluscicida,Compostos heterocíclicos,1
Pereira et al  2010,Moluscicida,Macrolídeos e Polícetídeos,1
Orjala et al 1995,Moluscicida,Peptídeos e Lipopeptídeos,1
Tan et al 2000,Moluscicida,Terpenoides e Esteroides,2
Höckelmann and Jüttner 2005,Odorantes,Compostos Orgânicos Voláteis,25
Gross et al 2010,Outros,Acilamidos e Ácidos Graxos,2
Jiménez et al 2009,Outros,Acilamidos e Ácidos Graxos,2
Wong et al  2002,Outros,Lactonas,1
Gregson et al  1992,Outros,Peptídeos e Lipopeptídeos,1
Joukela et al 2010,Outros,Peptídeos e Lipopeptídeos,1
Kirviranta et al 1992,Outros,Peptídeos e Lipopeptídeos,1
Liu et al 2014,Outros,Peptídeos e Lipopeptídeos,1
Simmons et al 2008,Outros,Peptídeos e Lipopeptídeos,1
Todorova et al  1995,Outros,Peptídeos e Lipopeptídeos,1
Proteau et al 1993,Protetores-UV,Compostos Aromáticos e Fenólicos,1
Ploutno and Carmeli 2001,Protetores-UV,Compostos aromáticos e fenólicos,2
Rastogi et al 2015,Protetores-UV,MAAs,6
Richa and Sinha 2015,Protetores-UV,MAAs,2
Ishihara et al  2017,Protetores-UV,MAAs,1
Zhang et al 2006,Protetores-UV,MAAs,1
Aimi et al 1990,Relacionados ao Sistema Imunológico,Alcaloides,2
Yamano et al 2020,Relacionados ao Sistema Imunológico,Macrolídeos e Polícetídeos,5
Gunasekera et al 2016,Relacionados ao Sistema Imunológico,Macrolídeos e Polícetídeos,2
Mori et al 2015,Relacionados ao Sistema Imunológico,Macrolídeos e Polícetídeos,1
KOEHN et al 1992,Relacionados ao Sistema Imunológico,Peptídeos e Lipopeptídeos,2
Malloy et al 2011,Relacionados ao Sistema Imunológico,Peptídeos e Lipopeptídeos,1
Zhang et al 1997,Relacionados ao Sistema Imunológico,Peptídeos e Lipopeptídeos,1
Namikoshi et al  2004,Toxina,Alcaloides,5
Gunasekera et al 2008,Toxina,Alcaloides,2
James et al 1998,Toxina,Alcaloides,2
Namikoshi et al  1994,Toxina,Alcaloides,2
Devlin et al  1977,Toxina,Alcaloides,1
SELWOOD et al 2007,Toxina,Alcaloides,1
SKULBERG et  al 1992,Toxina,Alcaloides,1
Wu et al 2000,Toxina,Alcaloides,1
Miles et al 2013,Toxina,Peptídeos e Lipopeptídeos,39
Hummert et al 2001,Toxina,Peptídeos e Lipopeptídeos,28
Puddick et al 2014,Toxina,Peptídeos e Lipopeptídeos,28
Miles et al 2014,Toxina,Peptídeos e Lipopeptídeos,25
Welker et al 2006,Toxina,Peptídeos e Lipopeptídeos,23
Niedermeyer et al 2014,Toxina,Peptídeos e Lipopeptídeos,18
Welker et al 2004,Toxina,Peptídeos e Lipopeptídeos,18
Namikoshi et al 1992,Toxina,Peptídeos e Lipopeptídeos,14
Luukkainen et al 1994,Toxina,Peptídeos e Lipopeptídeos,13
Yilmaz et al 2019,Toxina,Peptídeos e Lipopeptídeos,13
Bouhaddada et al 2016,Toxina,Peptídeos e Lipopeptídeos,12
Namikoshi et al 1995,Toxina,Peptídeos e Lipopeptídeos,11
Shishido et al 2013,Toxina,Peptídeos e Lipopeptídeos,11
Ballot et al 2020,Toxina,Peptídeos e Lipopeptídeos,10
Mallia et al 2019,Toxina,Peptídeos e Lipopeptídeos,10
QI et al 2014,Toxina,Peptídeos e Lipopeptídeos,10
Elkobi-Peer  et al 2012,Toxina,Peptídeos e Lipopeptídeos,9
Adiv and Carmeli 2013,Toxina,Peptídeos e Lipopeptídeos,8
Diehnelt et al 2006,Toxina,Peptídeos e Lipopeptídeos,8
Kaasalainen et al 2009,Toxina,Peptídeos e Lipopeptídeos,8
Namikoshi et al  1992,Toxina,Peptídeos e Lipopeptídeos,8
Okello et al 2010,Toxina,Peptídeos e Lipopeptídeos,8
Wood et al 2008,Toxina,Peptídeos e Lipopeptídeos,8
Mahakhant et al 2006,Toxina,Peptídeos e Lipopeptídeos,7
Puddick et al  2015,Toxina,Peptídeos e Lipopeptídeos,7
Sano et al 2008,Toxina,Peptídeos e Lipopeptídeos,7
Sivonen et al  1992,Toxina,Peptídeos e Lipopeptídeos,7
Erhard et al 1997,Toxina,Peptídeos e Lipopeptídeos,6
LUUKKAINEN et al 1993,Toxina,Peptídeos e Lipopeptídeos,6
Sivonem et al 1992,Toxina,Peptídeos e Lipopeptídeos,6
del Campo and Ouahid 2010,Toxina,Peptídeos e Lipopeptídeos,6
Craig et al 1993,Toxina,Peptídeos e Lipopeptídeos,5
Czarnecki et al 2005,Toxina,Peptídeos e Lipopeptídeos,5
Lifshits and Carmeli 2012,Toxina,Peptídeos e Lipopeptídeos,5
Mayumi et al 2006,Toxina,Peptídeos e Lipopeptídeos,5
Sivonen et al 1992,Toxina,Peptídeos e Lipopeptídeos,5
Vehgman and Carmeli 2014,Toxina,Peptídeos e Lipopeptídeos,5
Christiansen et al 2008,Toxina,Peptídeos e Lipopeptídeos,4
Elkobi-Peer and Carmeli 2015,Toxina,Peptídeos e Lipopeptídeos,4
Farias et al 2006,Toxina,Peptídeos e Lipopeptídeos,4
Fewer et al 2009,Toxina,Peptídeos e Lipopeptídeos,4
Fewer et al 2013,Toxina,Peptídeos e Lipopeptídeos,4
Sivonen et al  1990,Toxina,Peptídeos e Lipopeptídeos,4
Stewart et al 2018,Toxina,Peptídeos e Lipopeptídeos,4
Teta et al 2015,Toxina,Peptídeos e Lipopeptídeos,4
Zafrir-Ilan and Carmeli 2010,Toxina,Peptídeos e Lipopeptídeos,4
Beattie et al 1998,Toxina,Peptídeos e Lipopeptídeos,3
Ferranti et al 2009,Toxina,Peptídeos e Lipopeptídeos,3
Fujii et al  1997,Toxina,Peptídeos e Lipopeptídeos,3
Grach-Pogrebinsky and Carmeli 2008,Toxina,Peptídeos e Lipopeptídeos,3
Grach-Pogrebinsky et al 2004,Toxina,Peptídeos e Lipopeptídeos,3
Harada et al 1991,Toxina,Peptídeos e Lipopeptídeos,3
Ishida et al 2002,Toxina,Peptídeos e Lipopeptídeos,3
Liu et al 2015,Toxina,Peptídeos e Lipopeptídeos,3
Okello et al 2009,Toxina,Peptídeos e Lipopeptídeos,3
Puddick et al  2013,Toxina,Peptídeos e Lipopeptídeos,3
Raveh and Carmeli 2008,Toxina,Peptídeos e Lipopeptídeos,3
Strangman and Wright 2016,Toxina,Peptídeos e Lipopeptídeos,3
Suo et al 2020,Toxina,Peptídeos e Lipopeptídeos,3
Vasas et al 2006,Toxina,Peptídeos e Lipopeptídeos,3
Welker and Erhard 2007,Toxina,Peptídeos e Lipopeptídeos,3
Azevedo et al 1994,Toxina,Peptídeos e Lipopeptídeos,2
Brittain et al 2000,Toxina,Peptídeos e Lipopeptídeos,2
Carneiro et al 2012,Toxina,Peptídeos e Lipopeptídeos,2
Harada et al 1990,Toxina,Peptídeos e Lipopeptídeos,2
Laub et al 2002,Toxina,Peptídeos e Lipopeptídeos,2
Mazur-Marzec  et al 2016,Toxina,Peptídeos e Lipopeptídeos,2
Mazur-Marzec et al 2013,Toxina,Peptídeos e Lipopeptídeos,2
Mermuoto et al 1989,Toxina,Peptídeos e Lipopeptídeos,2
Namikoshi et al  1990,Toxina,Peptídeos e Lipopeptídeos,2
Sano and  Kaya 1998,Toxina,Peptídeos e Lipopeptídeos,2
Sano et al 1998,Toxina,Peptídeos e Lipopeptídeos,2
Vegman and Carmeli 2013,Toxina,Peptídeos e Lipopeptídeos,2
Bateman et al 1993,Toxina,Peptídeos e Lipopeptídeos,1
Gesner-Apter and Carmeli 2008,Toxina,Peptídeos e Lipopeptídeos,1
Gregson et al  1992,Toxina,Peptídeos e Lipopeptídeos,1
He et al 2018,Toxina,Peptídeos e Lipopeptídeos,1
KRISHNAMURTHY et al 1989,Toxina,Peptídeos e Lipopeptídeos,1
Matthiensen et al 2000,Toxina,Peptídeos e Lipopeptídeos,1
Nagle et al 2001,Toxina,Peptídeos e Lipopeptídeos,1
Namikoshi et al  1994,Toxina,Peptídeos e Lipopeptídeos,1
Neuman et al 1997,Toxina,Peptídeos e Lipopeptídeos,1
Phan et al 2022,Toxina,Peptídeos e Lipopeptídeos,1
Ploutno et al 2002,Toxina,Peptídeos e Lipopeptídeos,1
Puddick et al 2013,Toxina,Peptídeos e Lipopeptídeos,1
Sano et al 2004,Toxina,Peptídeos e Lipopeptídeos,1
nan,Toxina,Peptídeos e Lipopeptídeos,1
Admi et al 1996,Tóxico em equinoderma,Compostos Miscelâneos e Diversos,1
Murakami et al 1991,Tóxico em equinoderma,Macrolídeos e Polícetídeos,1
Levert et al 2018,Tóxico em equinoderma,Peptídeos e Lipopeptídeos,3
Kan et al 2000,Tóxico para lagostins,Acilamidos e Ácidos Graxos,2
Papendorf et al 1997,Tóxico para peixes,Acilamidos e Ácidos Graxos,1
Todd and Gerwick 1995,Tóxico para peixes,Acilamidos e Ácidos Graxos,1
Edwards et al 2004,Tóxico para peixes,Alcaloides,2
Papendorf et al 1997,Tóxico para peixes,Derivados isoprenoides e carotenoides,1
Orjala et al 1995,Tóxico para peixes,Peptídeos e Lipopeptídeos,2
Edwards et al 2004,Tóxico para peixes,Peptídeos e Lipopeptídeos,1
Graber and Gerwick 1998,Tóxico para peixes,Peptídeos e Lipopeptídeos,1
Nagle et al 2001,Tóxico para peixes,Peptídeos e Lipopeptídeos,1
Tan et al 2000,Tóxico para peixes,Terpenoides e Esteroides,1
